file,category,sub_type,variant,expected,predicted,correct,max_is,sfm_max_dev,sfm_triggered,n_segs,error
genuine/sp01_genuine.wav,genuine,genuine,sp01,genuine,genuine,True,0.1852489492032967,0.008663665363022155,False,2,
genuine/sp02_genuine.wav,genuine,genuine,sp02,genuine,manipulated,False,2.473029050036277,0.1551325570507588,False,2,
genuine/sp03_genuine.wav,genuine,genuine,sp03,genuine,genuine,True,0.1509900259367138,0.002433925405717019,False,2,
genuine/sp04_genuine.wav,genuine,genuine,sp04,genuine,genuine,True,0.1933719433901299,0.01766639975056125,False,2,
genuine/sp05_genuine.wav,genuine,genuine,sp05,genuine,genuine,True,0.18771612079416708,0.06643942215475526,False,2,
genuine/sp06_genuine.wav,genuine,genuine,sp06,genuine,manipulated,False,0.716693657630418,0.1487195952656081,False,2,
genuine/sp07_genuine.wav,genuine,genuine,sp07,genuine,genuine,True,0.375808264125838,0.09555608221738998,False,2,
genuine/sp08_genuine.wav,genuine,genuine,sp08,genuine,genuine,True,0.19424147159893462,0.008329737162893758,False,2,
genuine/sp09_genuine.wav,genuine,genuine,sp09,genuine,genuine,True,0.2298113993285591,0.034010944953901806,False,3,
genuine/sp10_genuine.wav,genuine,genuine,sp10,genuine,genuine,True,0.3615825279552477,0.06911791214289814,False,2,
genuine/sp11_genuine.wav,genuine,genuine,sp11,genuine,manipulated,False,0.42823611707653486,0.031901613417110675,False,2,
genuine/sp12_genuine.wav,genuine,genuine,sp12,genuine,manipulated,False,1.1945406248475339,0.13256151982567266,False,2,
genuine/sp13_genuine.wav,genuine,genuine,sp13,genuine,manipulated,False,0.8565932184730347,0.10330604711181234,False,2,
genuine/sp14_genuine.wav,genuine,genuine,sp14,genuine,genuine,True,0.24672930423536937,0.04521668075756119,False,2,
genuine/sp15_genuine.wav,genuine,genuine,sp15,genuine,manipulated,False,2.739396018359927,0.19964694733629548,False,2,
genuine/sp16_genuine.wav,genuine,genuine,sp16,genuine,genuine,True,0.1405745450509897,0.009130025805317632,False,2,
genuine/sp17_genuine.wav,genuine,genuine,sp17,genuine,manipulated,False,0.7467882442794567,0.11986571402539155,False,2,
genuine/sp18_genuine.wav,genuine,genuine,sp18,genuine,genuine,True,0.1260718822883642,0.01950002129633724,False,2,
genuine/sp19_genuine.wav,genuine,genuine,sp19,genuine,genuine,True,0.15523346990906006,0.006655403765440354,False,2,
genuine/sp20_genuine.wav,genuine,genuine,sp20,genuine,genuine,True,0.13227590014475385,0.017203913700689938,False,2,
genuine/sp21_genuine.wav,genuine,genuine,sp21,genuine,genuine,True,0.2420204313924238,0.1002067636055238,False,3,
genuine/sp22_genuine.wav,genuine,genuine,sp22,genuine,manipulated,False,2.6290822646111995,0.12639838794682637,False,2,
genuine/sp23_genuine.wav,genuine,genuine,sp23,genuine,genuine,True,0.30136960127436874,0.029175155761594046,False,2,
genuine/sp24_genuine.wav,genuine,genuine,sp24,genuine,manipulated,False,2.022723793836527,0.10496516212888354,False,3,
genuine/sp25_genuine.wav,genuine,genuine,sp25,genuine,genuine,True,0.16209639994902064,0.051216389434817655,False,2,
genuine/sp26_genuine.wav,genuine,genuine,sp26,genuine,manipulated,False,1.3809751795291403,0.1453564688249299,False,2,
genuine/sp27_genuine.wav,genuine,genuine,sp27,genuine,genuine,True,0.13670443316762967,0.026994506490834236,False,2,
genuine/sp28_genuine.wav,genuine,genuine,sp28,genuine,genuine,True,0.15535496360722903,0.05336278956232807,False,2,
genuine/sp29_genuine.wav,genuine,genuine,sp29,genuine,genuine,True,0.38955939847354504,0.07808425375469977,False,2,
genuine/sp30_genuine.wav,genuine,genuine,sp30,genuine,genuine,True,0.22709841185383337,0.00116008762858677,False,2,
noise_added/crowd/sp01_crowd.wav,noise_added,crowd,sp01,manipulated,manipulated,True,20.954765806496454,0.23346560211938766,True,2,
noise_added/crowd/sp02_crowd.wav,noise_added,crowd,sp02,manipulated,manipulated,True,2.0463714497739254,0.002488753121976054,False,2,
noise_added/crowd/sp03_crowd.wav,noise_added,crowd,sp03,manipulated,manipulated,True,4.270301141556819,0.0029770006695505613,False,2,
noise_added/crowd/sp04_crowd.wav,noise_added,crowd,sp04,manipulated,manipulated,True,1.5921795909921435,0.020561963300128487,False,2,
noise_added/crowd/sp05_crowd.wav,noise_added,crowd,sp05,manipulated,manipulated,True,30.08101312380446,0.09957025960872294,False,2,
noise_added/crowd/sp06_crowd.wav,noise_added,crowd,sp06,manipulated,manipulated,True,2.2510444647909154,0.005639579592262252,False,2,
noise_added/crowd/sp07_crowd.wav,noise_added,crowd,sp07,manipulated,manipulated,True,5.2710872120289425,0.0201793302660789,False,2,
noise_added/crowd/sp08_crowd.wav,noise_added,crowd,sp08,manipulated,manipulated,True,2.4722862613333114,0.018908126607860173,False,2,
noise_added/crowd/sp09_crowd.wav,noise_added,crowd,sp09,manipulated,manipulated,True,2.1655512147046223,0.007942662846524036,False,3,
noise_added/crowd/sp10_crowd.wav,noise_added,crowd,sp10,manipulated,manipulated,True,3.736979951551498,0.00400539834133842,False,2,
noise_added/crowd/sp11_crowd.wav,noise_added,crowd,sp11,manipulated,manipulated,True,1.242951772142504,0.009749154435574295,False,2,
noise_added/crowd/sp12_crowd.wav,noise_added,crowd,sp12,manipulated,manipulated,True,1.3692107876978303,0.019199064524890244,False,2,
noise_added/crowd/sp13_crowd.wav,noise_added,crowd,sp13,manipulated,manipulated,True,2.0695054450086783,0.006529745478657754,False,2,
noise_added/crowd/sp14_crowd.wav,noise_added,crowd,sp14,manipulated,manipulated,True,1.3191156199198224,0.012743914486734875,False,2,
noise_added/crowd/sp15_crowd.wav,noise_added,crowd,sp15,manipulated,manipulated,True,3.0249384657021645,0.0016954477979015687,False,2,
noise_added/crowd/sp16_crowd.wav,noise_added,crowd,sp16,manipulated,manipulated,True,1.7794180286157295,0.010201784590834116,False,2,
noise_added/crowd/sp17_crowd.wav,noise_added,crowd,sp17,manipulated,manipulated,True,1.9235621013904474,0.019307110176317355,False,2,
noise_added/crowd/sp18_crowd.wav,noise_added,crowd,sp18,manipulated,manipulated,True,8.113933842950587,0.0036490506644393066,False,2,
noise_added/crowd/sp19_crowd.wav,noise_added,crowd,sp19,manipulated,manipulated,True,0.7599029799754878,0.0014453441503370218,False,2,
noise_added/crowd/sp20_crowd.wav,noise_added,crowd,sp20,manipulated,manipulated,True,9.50735861927826,0.20277160242288378,False,2,
noise_added/crowd/sp21_crowd.wav,noise_added,crowd,sp21,manipulated,manipulated,True,3.644404139555521,0.007011494716011138,False,3,
noise_added/crowd/sp22_crowd.wav,noise_added,crowd,sp22,manipulated,manipulated,True,7.816837060520966,0.06954389317474283,False,2,
noise_added/crowd/sp23_crowd.wav,noise_added,crowd,sp23,manipulated,manipulated,True,0.8671860396780251,0.0001321133079276414,False,2,
noise_added/crowd/sp24_crowd.wav,noise_added,crowd,sp24,manipulated,manipulated,True,5.44457819419179,0.035872546428243446,False,3,
noise_added/crowd/sp25_crowd.wav,noise_added,crowd,sp25,manipulated,manipulated,True,2.8329473584717166,0.047347671222537774,False,2,
noise_added/crowd/sp26_crowd.wav,noise_added,crowd,sp26,manipulated,manipulated,True,3.2365534114989587,0.001759603925873517,False,2,
noise_added/crowd/sp27_crowd.wav,noise_added,crowd,sp27,manipulated,manipulated,True,4.986497770369521,0.002898915912482654,False,2,
noise_added/crowd/sp28_crowd.wav,noise_added,crowd,sp28,manipulated,manipulated,True,9.598139162460464,0.08995198211806685,False,2,
noise_added/crowd/sp29_crowd.wav,noise_added,crowd,sp29,manipulated,manipulated,True,0.8052544753106359,0.0004250568842464192,False,2,
noise_added/crowd/sp30_crowd.wav,noise_added,crowd,sp30,manipulated,manipulated,True,2.2143988166455877,0.004322233926421783,False,2,
noise_added/human/sp01_human.wav,noise_added,human,sp01,manipulated,manipulated,True,18.16658951106456,0.12756250908906033,False,2,
noise_added/human/sp02_human.wav,noise_added,human,sp02,manipulated,manipulated,True,2.5205846797041325,0.018354485066300632,False,2,
noise_added/human/sp03_human.wav,noise_added,human,sp03,manipulated,manipulated,True,3.4882025032799797,0.012945459196857745,False,2,
noise_added/human/sp04_human.wav,noise_added,human,sp04,manipulated,manipulated,True,5.2025841365467,0.049329004213703675,False,2,
noise_added/human/sp05_human.wav,noise_added,human,sp05,manipulated,manipulated,True,2.259639461424195,0.02359796291838778,False,2,
noise_added/human/sp06_human.wav,noise_added,human,sp06,manipulated,manipulated,True,2.2510444647909154,0.005639579592262252,False,2,
noise_added/human/sp07_human.wav,noise_added,human,sp07,manipulated,manipulated,True,39.90992964017475,0.26796038798903304,True,2,
noise_added/human/sp08_human.wav,noise_added,human,sp08,manipulated,manipulated,True,4.368435944537572,0.009968462790068154,False,2,
noise_added/human/sp09_human.wav,noise_added,human,sp09,manipulated,manipulated,True,1.815809615657405,0.018323279163854067,False,3,
noise_added/human/sp10_human.wav,noise_added,human,sp10,manipulated,manipulated,True,4.006723017527458,0.0018213191010153038,False,2,
noise_added/human/sp11_human.wav,noise_added,human,sp11,manipulated,manipulated,True,1.8958460113684634,0.014309481347199091,False,2,
noise_added/human/sp12_human.wav,noise_added,human,sp12,manipulated,manipulated,True,3.610202088097232,0.0070435468706643925,False,2,
noise_added/human/sp13_human.wav,noise_added,human,sp13,manipulated,manipulated,True,13.758074555848149,0.010229910762322087,False,2,
noise_added/human/sp14_human.wav,noise_added,human,sp14,manipulated,manipulated,True,0.6692740727119435,0.012373151792426129,False,2,
noise_added/human/sp15_human.wav,noise_added,human,sp15,manipulated,manipulated,True,24.69045353167617,0.14476376011449704,False,2,
noise_added/human/sp16_human.wav,noise_added,human,sp16,manipulated,manipulated,True,21.98136838374278,0.11255737733606168,False,2,
noise_added/human/sp17_human.wav,noise_added,human,sp17,manipulated,manipulated,True,2.131736532413485,0.016300869089640162,False,2,
noise_added/human/sp18_human.wav,noise_added,human,sp18,manipulated,manipulated,True,1.9977764215981861,0.01654680548336669,False,2,
noise_added/human/sp19_human.wav,noise_added,human,sp19,manipulated,manipulated,True,1.3666413999284148,0.013189827998214871,False,2,
noise_added/human/sp20_human.wav,noise_added,human,sp20,manipulated,manipulated,True,1.1095561358397823,0.011425328236322502,False,2,
noise_added/human/sp21_human.wav,noise_added,human,sp21,manipulated,manipulated,True,7.593936673208834,0.06343244429115982,False,3,
noise_added/human/sp22_human.wav,noise_added,human,sp22,manipulated,manipulated,True,2.2917938797147657,0.01687037017835547,False,2,
noise_added/human/sp23_human.wav,noise_added,human,sp23,manipulated,manipulated,True,7.8525987565466515,0.04449377019153025,False,2,
noise_added/human/sp24_human.wav,noise_added,human,sp24,manipulated,manipulated,True,2.5438008508093644,0.009586992976541434,False,3,
noise_added/human/sp25_human.wav,noise_added,human,sp25,manipulated,manipulated,True,0.8977200218191284,0.02504104835726112,False,2,
noise_added/human/sp26_human.wav,noise_added,human,sp26,manipulated,manipulated,True,4.374805530725792,0.026538699654255152,False,2,
noise_added/human/sp27_human.wav,noise_added,human,sp27,manipulated,manipulated,True,44.051858920001386,0.20735662681084555,True,2,
noise_added/human/sp28_human.wav,noise_added,human,sp28,manipulated,manipulated,True,15.23171323707185,0.06714942481149414,False,2,
noise_added/human/sp29_human.wav,noise_added,human,sp29,manipulated,genuine,False,0.23559420170523565,0.00160352637244901,False,2,
noise_added/human/sp30_human.wav,noise_added,human,sp30,manipulated,manipulated,True,0.7872624825830106,0.0016453823679945905,False,2,
noise_added/white/sp01_white.wav,noise_added,white,sp01,manipulated,manipulated,True,50.32560001524015,0.4399025469454362,True,2,
noise_added/white/sp02_white.wav,noise_added,white,sp02,manipulated,manipulated,True,38.50753683341417,0.25448051472217825,True,2,
noise_added/white/sp03_white.wav,noise_added,white,sp03,manipulated,manipulated,True,77.55070137659466,0.5241797745804231,True,2,
noise_added/white/sp04_white.wav,noise_added,white,sp04,manipulated,manipulated,True,19.937475984928483,0.48749931658020207,True,2,
noise_added/white/sp05_white.wav,noise_added,white,sp05,manipulated,manipulated,True,70.71672574273634,0.5399628268387049,True,2,
noise_added/white/sp06_white.wav,noise_added,white,sp06,manipulated,manipulated,True,2.2510444647909154,0.005639579592262252,False,2,
noise_added/white/sp07_white.wav,noise_added,white,sp07,manipulated,manipulated,True,48.63600950474141,0.33886171964232714,True,2,
noise_added/white/sp08_white.wav,noise_added,white,sp08,manipulated,manipulated,True,83.66342610885475,0.24957051453185208,True,2,
noise_added/white/sp09_white.wav,noise_added,white,sp09,manipulated,manipulated,True,64.79784363166,0.5196707506360772,True,3,
noise_added/white/sp10_white.wav,noise_added,white,sp10,manipulated,manipulated,True,40.49679629711846,0.12475571869618518,False,2,
noise_added/white/sp11_white.wav,noise_added,white,sp11,manipulated,manipulated,True,10.991197694462864,0.12219206249795803,False,2,
noise_added/white/sp12_white.wav,noise_added,white,sp12,manipulated,manipulated,True,7.959139606697771,0.3182878571594468,True,2,
noise_added/white/sp13_white.wav,noise_added,white,sp13,manipulated,manipulated,True,89.09999883284527,0.44697164684593577,True,2,
noise_added/white/sp14_white.wav,noise_added,white,sp14,manipulated,manipulated,True,0.6692740727119435,0.012373151792426129,False,2,
noise_added/white/sp15_white.wav,noise_added,white,sp15,manipulated,manipulated,True,38.12585198134323,0.31268972801374023,True,2,
noise_added/white/sp16_white.wav,noise_added,white,sp16,manipulated,manipulated,True,32.408561973310526,0.4566867456829932,True,2,
noise_added/white/sp17_white.wav,noise_added,white,sp17,manipulated,manipulated,True,20.92215061928993,0.35878915200958805,True,2,
noise_added/white/sp18_white.wav,noise_added,white,sp18,manipulated,manipulated,True,42.76119206570704,0.5497877528296913,True,2,
noise_added/white/sp19_white.wav,noise_added,white,sp19,manipulated,manipulated,True,40.8152981028278,0.4700425815852489,True,2,
noise_added/white/sp20_white.wav,noise_added,white,sp20,manipulated,manipulated,True,20.370036448112753,0.39530035160470867,True,2,
noise_added/white/sp21_white.wav,noise_added,white,sp21,manipulated,manipulated,True,80.05448829510335,0.5351943157478107,True,3,
noise_added/white/sp22_white.wav,noise_added,white,sp22,manipulated,manipulated,True,57.950831701673366,0.3582033915356366,True,2,
noise_added/white/sp23_white.wav,noise_added,white,sp23,manipulated,manipulated,True,26.29821188229558,0.27178194094096564,True,2,
noise_added/white/sp24_white.wav,noise_added,white,sp24,manipulated,manipulated,True,55.178904174789736,0.528925856957509,True,3,
noise_added/white/sp25_white.wav,noise_added,white,sp25,manipulated,manipulated,True,5.065272906922759,0.3432326212558584,True,2,
noise_added/white/sp26_white.wav,noise_added,white,sp26,manipulated,manipulated,True,91.672840365106,0.39113785994402256,True,2,
noise_added/white/sp27_white.wav,noise_added,white,sp27,manipulated,manipulated,True,115.3547835858429,0.48309554882228856,True,2,
noise_added/white/sp28_white.wav,noise_added,white,sp28,manipulated,manipulated,True,82.96630483339133,0.4623105047072245,True,2,
noise_added/white/sp29_white.wav,noise_added,white,sp29,manipulated,manipulated,True,11.582953629221892,0.12013307142749016,False,2,
noise_added/white/sp30_white.wav,noise_added,white,sp30,manipulated,manipulated,True,45.70408316475817,0.36264468517994625,True,2,
noise_added/outdoor/sp01_outdoor.wav,noise_added,outdoor,sp01,manipulated,manipulated,True,46.70845029048956,0.08625383699255965,False,2,
noise_added/outdoor/sp02_outdoor.wav,noise_added,outdoor,sp02,manipulated,manipulated,True,2.3147346297357325,0.0030744739521493154,False,2,
noise_added/outdoor/sp03_outdoor.wav,noise_added,outdoor,sp03,manipulated,manipulated,True,7.0926745511305125,0.002066771611809447,False,2,
noise_added/outdoor/sp04_outdoor.wav,noise_added,outdoor,sp04,manipulated,manipulated,True,4.09808764892695,0.01740776990231605,False,2,
noise_added/outdoor/sp05_outdoor.wav,noise_added,outdoor,sp05,manipulated,manipulated,True,83.74123480917577,0.05651239754394605,False,2,
noise_added/outdoor/sp06_outdoor.wav,noise_added,outdoor,sp06,manipulated,manipulated,True,2.2510444647909154,0.005639579592262252,False,2,
noise_added/outdoor/sp07_outdoor.wav,noise_added,outdoor,sp07,manipulated,manipulated,True,10.876341484992436,0.00041391779722382664,False,2,
noise_added/outdoor/sp08_outdoor.wav,noise_added,outdoor,sp08,manipulated,manipulated,True,1.3441046516496313,0.003954245648365577,False,2,
noise_added/outdoor/sp09_outdoor.wav,noise_added,outdoor,sp09,manipulated,manipulated,True,61.063920624718946,0.36067474319499526,True,3,
noise_added/outdoor/sp10_outdoor.wav,noise_added,outdoor,sp10,manipulated,manipulated,True,6.297111100360045,0.005171267510157758,False,2,
noise_added/outdoor/sp11_outdoor.wav,noise_added,outdoor,sp11,manipulated,manipulated,True,3.7999116552325836,0.01589649702501031,False,2,
noise_added/outdoor/sp12_outdoor.wav,noise_added,outdoor,sp12,manipulated,manipulated,True,3.198408796660298,0.014726354283116506,False,2,
noise_added/outdoor/sp13_outdoor.wav,noise_added,outdoor,sp13,manipulated,manipulated,True,112.73651079759924,0.1169618690249552,False,2,
noise_added/outdoor/sp14_outdoor.wav,noise_added,outdoor,sp14,manipulated,manipulated,True,0.6692740727119435,0.012373151792426129,False,2,
noise_added/outdoor/sp15_outdoor.wav,noise_added,outdoor,sp15,manipulated,manipulated,True,6.073712046231744,0.06288587489505472,False,2,
noise_added/outdoor/sp16_outdoor.wav,noise_added,outdoor,sp16,manipulated,manipulated,True,17.103127941354394,0.023817778713039434,False,2,
noise_added/outdoor/sp17_outdoor.wav,noise_added,outdoor,sp17,manipulated,manipulated,True,5.195880637313843,0.0054725933147909515,False,2,
noise_added/outdoor/sp18_outdoor.wav,noise_added,outdoor,sp18,manipulated,manipulated,True,31.83836071370687,0.308657854260043,True,2,
noise_added/outdoor/sp19_outdoor.wav,noise_added,outdoor,sp19,manipulated,manipulated,True,2.145827709415667,0.011785932908643293,False,2,
noise_added/outdoor/sp20_outdoor.wav,noise_added,outdoor,sp20,manipulated,manipulated,True,1.3500849120680243,0.010718219803479076,False,2,
noise_added/outdoor/sp21_outdoor.wav,noise_added,outdoor,sp21,manipulated,manipulated,True,22.93284405705423,0.012512980757698291,False,3,
noise_added/outdoor/sp22_outdoor.wav,noise_added,outdoor,sp22,manipulated,manipulated,True,35.837499183765125,0.12250621096686443,False,2,
noise_added/outdoor/sp23_outdoor.wav,noise_added,outdoor,sp23,manipulated,manipulated,True,2.0397608574922574,0.014817485122573517,False,2,
noise_added/outdoor/sp24_outdoor.wav,noise_added,outdoor,sp24,manipulated,manipulated,True,1.9449637165821732,0.008515455566256394,False,3,
noise_added/outdoor/sp25_outdoor.wav,noise_added,outdoor,sp25,manipulated,manipulated,True,1.844151827744692,0.026946406683753962,False,2,
noise_added/outdoor/sp26_outdoor.wav,noise_added,outdoor,sp26,manipulated,manipulated,True,7.394802236346427,0.005909479749875272,False,2,
noise_added/outdoor/sp27_outdoor.wav,noise_added,outdoor,sp27,manipulated,manipulated,True,14.250357780938481,0.08901696302615747,False,2,
noise_added/outdoor/sp28_outdoor.wav,noise_added,outdoor,sp28,manipulated,manipulated,True,80.62565205839795,0.16802023113032957,False,2,
noise_added/outdoor/sp29_outdoor.wav,noise_added,outdoor,sp29,manipulated,manipulated,True,4.164514917011506,0.053516191984320206,False,2,
noise_added/outdoor/sp30_outdoor.wav,noise_added,outdoor,sp30,manipulated,manipulated,True,2.518804383959139,0.01446750654809111,False,2,
noise_added/hvac/sp01_hvac.wav,noise_added,hvac,sp01,manipulated,manipulated,True,2.019618146220913,0.016871439468723076,False,2,
noise_added/hvac/sp02_hvac.wav,noise_added,hvac,sp02,manipulated,manipulated,True,5.501079609310682,0.015249637298106983,False,2,
noise_added/hvac/sp03_hvac.wav,noise_added,hvac,sp03,manipulated,manipulated,True,132.12815204520751,0.07216995232088609,False,2,
noise_added/hvac/sp04_hvac.wav,noise_added,hvac,sp04,manipulated,manipulated,True,6.193122448830353,0.026059816416795615,False,2,
noise_added/hvac/sp05_hvac.wav,noise_added,hvac,sp05,manipulated,manipulated,True,2.738938149836616,0.0013394263002101565,False,2,
noise_added/hvac/sp06_hvac.wav,noise_added,hvac,sp06,manipulated,manipulated,True,2.2510444647909154,0.005639579592262252,False,2,
noise_added/hvac/sp07_hvac.wav,noise_added,hvac,sp07,manipulated,manipulated,True,21.79331061967623,0.1155471660463203,False,2,
noise_added/hvac/sp08_hvac.wav,noise_added,hvac,sp08,manipulated,manipulated,True,127.38443185365371,0.21804930219186738,True,2,
noise_added/hvac/sp09_hvac.wav,noise_added,hvac,sp09,manipulated,manipulated,True,6.580893334830048,0.001434539877032055,False,3,
noise_added/hvac/sp10_hvac.wav,noise_added,hvac,sp10,manipulated,manipulated,True,4.396870000790969,0.009441635589311199,False,2,
noise_added/hvac/sp11_hvac.wav,noise_added,hvac,sp11,manipulated,manipulated,True,3.7999116552325836,0.01589649702501031,False,2,
noise_added/hvac/sp12_hvac.wav,noise_added,hvac,sp12,manipulated,manipulated,True,2.6992091580673767,0.037170595705838305,False,2,
noise_added/hvac/sp13_hvac.wav,noise_added,hvac,sp13,manipulated,manipulated,True,32.11917972734362,0.11795848557870994,False,2,
noise_added/hvac/sp14_hvac.wav,noise_added,hvac,sp14,manipulated,manipulated,True,0.6692740727119435,0.012373151792426129,False,2,
noise_added/hvac/sp15_hvac.wav,noise_added,hvac,sp15,manipulated,manipulated,True,24.284331174360844,0.07128373584351809,False,2,
noise_added/hvac/sp16_hvac.wav,noise_added,hvac,sp16,manipulated,manipulated,True,7.517609859388283,0.0198297895691623,False,2,
noise_added/hvac/sp17_hvac.wav,noise_added,hvac,sp17,manipulated,manipulated,True,3.449360715620783,0.000332246003732245,False,2,
noise_added/hvac/sp18_hvac.wav,noise_added,hvac,sp18,manipulated,manipulated,True,2.5731502812131843,0.008200655302835116,False,2,
noise_added/hvac/sp19_hvac.wav,noise_added,hvac,sp19,manipulated,manipulated,True,1.5941102086727517,0.004288868529044448,False,2,
noise_added/hvac/sp20_hvac.wav,noise_added,hvac,sp20,manipulated,manipulated,True,3.2030854473509045,0.06760111503738955,False,2,
noise_added/hvac/sp21_hvac.wav,noise_added,hvac,sp21,manipulated,manipulated,True,6.492172266227094,0.0029940815839175055,False,3,
noise_added/hvac/sp22_hvac.wav,noise_added,hvac,sp22,manipulated,manipulated,True,1.1652480986298372,0.0027738525185135466,False,2,
noise_added/hvac/sp23_hvac.wav,noise_added,hvac,sp23,manipulated,manipulated,True,4.439958839531514,0.045515548344178425,False,2,
noise_added/hvac/sp24_hvac.wav,noise_added,hvac,sp24,manipulated,manipulated,True,6.200378912979348,0.008882898264430257,False,3,
noise_added/hvac/sp25_hvac.wav,noise_added,hvac,sp25,manipulated,manipulated,True,1.569776629900042,0.04063970442148434,False,2,
noise_added/hvac/sp26_hvac.wav,noise_added,hvac,sp26,manipulated,manipulated,True,3.4593154292290627,0.010857833307560672,False,2,
noise_added/hvac/sp27_hvac.wav,noise_added,hvac,sp27,manipulated,manipulated,True,16.980087962534483,0.09233360674402533,False,2,
noise_added/hvac/sp28_hvac.wav,noise_added,hvac,sp28,manipulated,manipulated,True,69.42469153770654,0.24302251049867857,True,2,
noise_added/hvac/sp29_hvac.wav,noise_added,hvac,sp29,manipulated,manipulated,True,9.9822594840596,0.032137459235308086,False,2,
noise_added/hvac/sp30_hvac.wav,noise_added,hvac,sp30,manipulated,manipulated,True,2.2966591124931965,0.0072541221343617145,False,2,
noise_added/rain/sp01_rain.wav,noise_added,rain,sp01,manipulated,manipulated,True,10.873887807267744,0.008669558226335472,False,2,
noise_added/rain/sp02_rain.wav,noise_added,rain,sp02,manipulated,manipulated,True,2.0283425799834967,0.0003062741449008904,False,2,
noise_added/rain/sp03_rain.wav,noise_added,rain,sp03,manipulated,manipulated,True,4.355183661264599,0.009419018142822899,False,2,
noise_added/rain/sp04_rain.wav,noise_added,rain,sp04,manipulated,manipulated,True,5.713898057747989,0.027954006082173116,False,2,
noise_added/rain/sp05_rain.wav,noise_added,rain,sp05,manipulated,manipulated,True,53.40280869679349,0.35799634995526974,True,2,
noise_added/rain/sp06_rain.wav,noise_added,rain,sp06,manipulated,manipulated,True,2.2510444647909154,0.005639579592262252,False,2,
noise_added/rain/sp07_rain.wav,noise_added,rain,sp07,manipulated,manipulated,True,16.066208974920666,0.007212633653647198,False,2,
noise_added/rain/sp08_rain.wav,noise_added,rain,sp08,manipulated,manipulated,True,0.5707953530788089,0.005112631406821217,False,2,
noise_added/rain/sp09_rain.wav,noise_added,rain,sp09,manipulated,manipulated,True,32.98359087175793,0.010412118591417361,False,3,
noise_added/rain/sp10_rain.wav,noise_added,rain,sp10,manipulated,manipulated,True,4.0592750293571545,0.001268107781799724,False,2,
noise_added/rain/sp11_rain.wav,noise_added,rain,sp11,manipulated,manipulated,True,3.7999116552325836,0.01589649702501031,False,2,
noise_added/rain/sp12_rain.wav,noise_added,rain,sp12,manipulated,manipulated,True,7.1856174381114535,0.042039565516158936,False,2,
noise_added/rain/sp13_rain.wav,noise_added,rain,sp13,manipulated,manipulated,True,7.745851111177539,0.04505182380570718,False,2,
noise_added/rain/sp14_rain.wav,noise_added,rain,sp14,manipulated,manipulated,True,0.6692740727119435,0.012373151792426129,False,2,
noise_added/rain/sp15_rain.wav,noise_added,rain,sp15,manipulated,manipulated,True,5.9470600708423405,0.007874477900501949,False,2,
noise_added/rain/sp16_rain.wav,noise_added,rain,sp16,manipulated,manipulated,True,5.8820443576591614,0.015151625157834433,False,2,
noise_added/rain/sp17_rain.wav,noise_added,rain,sp17,manipulated,manipulated,True,6.670282029339155,0.1079290165889484,False,2,
noise_added/rain/sp18_rain.wav,noise_added,rain,sp18,manipulated,manipulated,True,91.93503392864817,0.5979422248451023,True,2,
noise_added/rain/sp19_rain.wav,noise_added,rain,sp19,manipulated,manipulated,True,1.0124535882299885,0.008037530349082226,False,2,
noise_added/rain/sp20_rain.wav,noise_added,rain,sp20,manipulated,manipulated,True,1.4103543727288714,0.02146616947894324,False,2,
noise_added/rain/sp21_rain.wav,noise_added,rain,sp21,manipulated,manipulated,True,8.449889478594152,0.006986096193709419,False,3,
noise_added/rain/sp22_rain.wav,noise_added,rain,sp22,manipulated,manipulated,True,0.7516981887784977,0.00019268752341827095,False,2,
noise_added/rain/sp23_rain.wav,noise_added,rain,sp23,manipulated,manipulated,True,1.7013292325924458,0.013862471674728895,False,2,
noise_added/rain/sp24_rain.wav,noise_added,rain,sp24,manipulated,manipulated,True,40.0780372449226,0.3192981132102564,True,3,
noise_added/rain/sp25_rain.wav,noise_added,rain,sp25,manipulated,manipulated,True,1.7465854460550516,0.08442349047449255,False,2,
noise_added/rain/sp26_rain.wav,noise_added,rain,sp26,manipulated,manipulated,True,6.177885614320282,0.023436386985077943,False,2,
noise_added/rain/sp27_rain.wav,noise_added,rain,sp27,manipulated,manipulated,True,4.1219038809139406,0.002459798812160404,False,2,
noise_added/rain/sp28_rain.wav,noise_added,rain,sp28,manipulated,manipulated,True,3.640993610542654,0.007640163356870324,False,2,
noise_added/rain/sp29_rain.wav,noise_added,rain,sp29,manipulated,manipulated,True,6.4012119858904155,0.06473450083970828,False,2,
noise_added/rain/sp30_rain.wav,noise_added,rain,sp30,manipulated,manipulated,True,33.336117210236075,0.13979274334277036,False,2,
noise_removed/first_half/sp01_first_half.wav,noise_removed,first_half,sp01,manipulated,manipulated,True,0.9416639844873347,0.016441170804299465,False,2,
noise_removed/first_half/sp02_first_half.wav,noise_removed,first_half,sp02,manipulated,manipulated,True,1.5101426547025003,0.024549899335936598,False,2,
noise_removed/first_half/sp03_first_half.wav,noise_removed,first_half,sp03,manipulated,manipulated,True,1.5502850766745708,0.030854594219040715,False,2,
noise_removed/first_half/sp04_first_half.wav,noise_removed,first_half,sp04,manipulated,manipulated,True,1.6271244936792044,0.10627292980088487,False,2,
noise_removed/first_half/sp05_first_half.wav,noise_removed,first_half,sp05,manipulated,manipulated,True,0.9549802343882179,0.12468947535593342,False,2,
noise_removed/first_half/sp06_first_half.wav,noise_removed,first_half,sp06,manipulated,manipulated,True,9.973061958366694,0.31012682431188354,True,2,
noise_removed/first_half/sp07_first_half.wav,noise_removed,first_half,sp07,manipulated,manipulated,True,5.949235162590187,0.053024058135653585,False,2,
noise_removed/first_half/sp08_first_half.wav,noise_removed,first_half,sp08,manipulated,manipulated,True,34.4854904091452,0.255042646050113,True,2,
noise_removed/first_half/sp09_first_half.wav,noise_removed,first_half,sp09,manipulated,manipulated,True,2.735453273482906,0.18449814616044172,False,3,
noise_removed/first_half/sp10_first_half.wav,noise_removed,first_half,sp10,manipulated,manipulated,True,6.060466213334912,0.20543264757273438,True,2,
noise_removed/first_half/sp11_first_half.wav,noise_removed,first_half,sp11,manipulated,manipulated,True,50.531268197947554,0.35188571931412554,True,2,
noise_removed/first_half/sp12_first_half.wav,noise_removed,first_half,sp12,manipulated,manipulated,True,0.8700327382066773,0.03032251702215663,False,2,
noise_removed/first_half/sp13_first_half.wav,noise_removed,first_half,sp13,manipulated,manipulated,True,6.523524070127152,0.12480347458009325,False,2,
noise_removed/first_half/sp14_first_half.wav,noise_removed,first_half,sp14,manipulated,manipulated,True,2.2204725013317956,0.061289936488063024,False,2,
noise_removed/first_half/sp15_first_half.wav,noise_removed,first_half,sp15,manipulated,manipulated,True,18.905448950121983,0.40641055738237347,True,2,
noise_removed/first_half/sp16_first_half.wav,noise_removed,first_half,sp16,manipulated,manipulated,True,0.8574323818904201,0.03363021032033847,False,2,
noise_removed/first_half/sp17_first_half.wav,noise_removed,first_half,sp17,manipulated,manipulated,True,0.828232635103193,0.03544291769620017,False,2,
noise_removed/first_half/sp18_first_half.wav,noise_removed,first_half,sp18,manipulated,manipulated,True,1.1786341792431942,0.1270356767281266,False,2,
noise_removed/first_half/sp19_first_half.wav,noise_removed,first_half,sp19,manipulated,manipulated,True,1.024286073114229,0.016906672475850065,False,2,
noise_removed/first_half/sp20_first_half.wav,noise_removed,first_half,sp20,manipulated,manipulated,True,5.058385611251457,0.1480928825128621,False,2,
noise_removed/first_half/sp21_first_half.wav,noise_removed,first_half,sp21,manipulated,manipulated,True,26.72586112987028,0.2803196460304435,True,3,
noise_removed/first_half/sp22_first_half.wav,noise_removed,first_half,sp22,manipulated,manipulated,True,15.013180865830266,0.180475935446243,False,2,
noise_removed/first_half/sp23_first_half.wav,noise_removed,first_half,sp23,manipulated,manipulated,True,95.36053272392189,0.28891984455119846,True,2,
noise_removed/first_half/sp24_first_half.wav,noise_removed,first_half,sp24,manipulated,manipulated,True,4.4972827344108675,0.24053363851109186,True,3,
noise_removed/first_half/sp25_first_half.wav,noise_removed,first_half,sp25,manipulated,manipulated,True,2.1544150386553813,0.1761031907314646,False,2,
noise_removed/first_half/sp26_first_half.wav,noise_removed,first_half,sp26,manipulated,manipulated,True,2.7461899793442024,0.024787728781389656,False,2,
noise_removed/first_half/sp27_first_half.wav,noise_removed,first_half,sp27,manipulated,manipulated,True,3.8604295250510168,0.26427128787294485,True,2,
noise_removed/first_half/sp28_first_half.wav,noise_removed,first_half,sp28,manipulated,manipulated,True,1.5219681210960418,0.05577996775366931,False,2,
noise_removed/first_half/sp29_first_half.wav,noise_removed,first_half,sp29,manipulated,manipulated,True,12.253053480985399,0.17871344859633162,False,2,
noise_removed/first_half/sp30_first_half.wav,noise_removed,first_half,sp30,manipulated,manipulated,True,5.666957543033592,0.10446901830281766,False,2,
noise_removed/second_half/sp01_second_half.wav,noise_removed,second_half,sp01,manipulated,manipulated,True,0.7184728762199498,0.10383918049887425,False,2,
noise_removed/second_half/sp02_second_half.wav,noise_removed,second_half,sp02,manipulated,manipulated,True,13.204031681423825,0.2616675553105535,True,2,
noise_removed/second_half/sp03_second_half.wav,noise_removed,second_half,sp03,manipulated,manipulated,True,1.6336493933845924,0.21271747365475413,True,2,
noise_removed/second_half/sp04_second_half.wav,noise_removed,second_half,sp04,manipulated,manipulated,True,3.6013903616450103,0.029541856941150024,False,2,
noise_removed/second_half/sp05_second_half.wav,noise_removed,second_half,sp05,manipulated,manipulated,True,0.5969797408685072,0.059286546727885636,False,2,
noise_removed/second_half/sp06_second_half.wav,noise_removed,second_half,sp06,manipulated,manipulated,True,4.9675284188386595,0.23802639095958647,True,2,
noise_removed/second_half/sp07_second_half.wav,noise_removed,second_half,sp07,manipulated,manipulated,True,0.9672861641143574,0.0171106809629174,False,2,
noise_removed/second_half/sp08_second_half.wav,noise_removed,second_half,sp08,manipulated,manipulated,True,30.26277616808489,0.322117765371007,True,2,
noise_removed/second_half/sp09_second_half.wav,noise_removed,second_half,sp09,manipulated,manipulated,True,4.964761208542455,0.198644489357356,False,3,
noise_removed/second_half/sp10_second_half.wav,noise_removed,second_half,sp10,manipulated,manipulated,True,3.893300253677948,0.19843767257680178,False,2,
noise_removed/second_half/sp11_second_half.wav,noise_removed,second_half,sp11,manipulated,manipulated,True,4.582642780200297,0.18788984652945187,False,2,
noise_removed/second_half/sp12_second_half.wav,noise_removed,second_half,sp12,manipulated,manipulated,True,10.638526005679434,0.23897191735073228,True,2,
noise_removed/second_half/sp13_second_half.wav,noise_removed,second_half,sp13,manipulated,manipulated,True,12.637997572519808,0.30183251184652926,True,2,
noise_removed/second_half/sp14_second_half.wav,noise_removed,second_half,sp14,manipulated,manipulated,True,7.1403328829544765,0.18888896225615834,False,2,
noise_removed/second_half/sp15_second_half.wav,noise_removed,second_half,sp15,manipulated,manipulated,True,4.865662978915496,0.20491418081029628,True,2,
noise_removed/second_half/sp16_second_half.wav,noise_removed,second_half,sp16,manipulated,manipulated,True,0.5215528807780305,0.11524535843844802,False,2,
noise_removed/second_half/sp17_second_half.wav,noise_removed,second_half,sp17,manipulated,manipulated,True,0.6892421369023597,0.006264286865885149,False,2,
noise_removed/second_half/sp18_second_half.wav,noise_removed,second_half,sp18,manipulated,manipulated,True,0.8743014799900858,0.09309243946551199,False,2,
noise_removed/second_half/sp19_second_half.wav,noise_removed,second_half,sp19,manipulated,manipulated,True,3.405808357646457,0.278838886820409,True,2,
noise_removed/second_half/sp20_second_half.wav,noise_removed,second_half,sp20,manipulated,manipulated,True,0.7533573315150378,0.05745874175617183,False,2,
noise_removed/second_half/sp21_second_half.wav,noise_removed,second_half,sp21,manipulated,manipulated,True,3.3875007793569334,0.26397770516922947,True,3,
noise_removed/second_half/sp22_second_half.wav,noise_removed,second_half,sp22,manipulated,manipulated,True,0.6000248744900775,0.03934187307448245,False,2,
noise_removed/second_half/sp23_second_half.wav,noise_removed,second_half,sp23,manipulated,manipulated,True,1.9688509285708797,0.22319138172455166,True,2,
noise_removed/second_half/sp24_second_half.wav,noise_removed,second_half,sp24,manipulated,manipulated,True,11.576365805795467,0.2944371852029692,True,3,
noise_removed/second_half/sp25_second_half.wav,noise_removed,second_half,sp25,manipulated,manipulated,True,6.099220086596295,0.2516948299664188,True,2,
noise_removed/second_half/sp26_second_half.wav,noise_removed,second_half,sp26,manipulated,manipulated,True,2.921258128622604,0.2221307098923918,True,2,
noise_removed/second_half/sp27_second_half.wav,noise_removed,second_half,sp27,manipulated,manipulated,True,2.2418451189563093,0.143484511530727,False,2,
noise_removed/second_half/sp28_second_half.wav,noise_removed,second_half,sp28,manipulated,manipulated,True,1.6560096228660817,0.15809478317170103,False,2,
noise_removed/second_half/sp29_second_half.wav,noise_removed,second_half,sp29,manipulated,manipulated,True,3.4311008713395745,0.23075070822331156,True,2,
noise_removed/second_half/sp30_second_half.wav,noise_removed,second_half,sp30,manipulated,manipulated,True,1.302591438894468,0.10539344407452403,False,2,
noise_removed/mild_first/sp01_mild_first.wav,noise_removed,mild_first,sp01,manipulated,genuine,False,0.16713883657425932,0.07868028225045809,False,2,
noise_removed/mild_first/sp02_mild_first.wav,noise_removed,mild_first,sp02,manipulated,manipulated,True,0.8954472420588252,0.23000201164577747,True,2,
noise_removed/mild_first/sp03_mild_first.wav,noise_removed,mild_first,sp03,manipulated,genuine,False,0.33432318942434364,0.19382951454990607,False,2,
noise_removed/mild_first/sp04_mild_first.wav,noise_removed,mild_first,sp04,manipulated,genuine,False,0.2020851573622891,0.13458953531654866,False,2,
noise_removed/mild_first/sp05_mild_first.wav,noise_removed,mild_first,sp05,manipulated,genuine,False,0.16161238410221745,0.11417417880537634,False,2,
noise_removed/mild_first/sp06_mild_first.wav,noise_removed,mild_first,sp06,manipulated,genuine,False,0.1989788905646403,0.036596379880287744,False,2,
noise_removed/mild_first/sp07_mild_first.wav,noise_removed,mild_first,sp07,manipulated,genuine,False,0.16610552649060267,0.07314406407259788,False,2,
noise_removed/mild_first/sp08_mild_first.wav,noise_removed,mild_first,sp08,manipulated,genuine,False,0.25379580953052455,0.15200024132280904,False,2,
noise_removed/mild_first/sp09_mild_first.wav,noise_removed,mild_first,sp09,manipulated,genuine,False,0.15465739845374726,0.060108678960405115,False,3,
noise_removed/mild_first/sp10_mild_first.wav,noise_removed,mild_first,sp10,manipulated,genuine,False,0.34857316022912443,0.1639402227726583,False,2,
noise_removed/mild_first/sp11_mild_first.wav,noise_removed,mild_first,sp11,manipulated,genuine,False,0.2318218825429161,0.06657038476731225,False,2,
noise_removed/mild_first/sp12_mild_first.wav,noise_removed,mild_first,sp12,manipulated,manipulated,True,0.42511500053462703,0.18751406112248584,False,2,
noise_removed/mild_first/sp13_mild_first.wav,noise_removed,mild_first,sp13,manipulated,manipulated,True,0.5390997080161153,0.2150532972550077,True,2,
noise_removed/mild_first/sp14_mild_first.wav,noise_removed,mild_first,sp14,manipulated,genuine,False,0.14701715105436053,0.012884222141004542,False,2,
noise_removed/mild_first/sp15_mild_first.wav,noise_removed,mild_first,sp15,manipulated,manipulated,True,0.7342932478351373,0.20680324239449402,True,2,
noise_removed/mild_first/sp16_mild_first.wav,noise_removed,mild_first,sp16,manipulated,genuine,False,0.2278057244570867,0.16106350891382087,False,2,
noise_removed/mild_first/sp17_mild_first.wav,noise_removed,mild_first,sp17,manipulated,genuine,False,0.2061353918849408,0.09764003087736853,False,2,
noise_removed/mild_first/sp18_mild_first.wav,noise_removed,mild_first,sp18,manipulated,genuine,False,0.17101541740663745,0.08937565554137705,False,2,
noise_removed/mild_first/sp19_mild_first.wav,noise_removed,mild_first,sp19,manipulated,manipulated,True,0.36206873351589136,0.20738990879056057,True,2,
noise_removed/mild_first/sp20_mild_first.wav,noise_removed,mild_first,sp20,manipulated,genuine,False,0.15351131104019597,0.06452295193630708,False,2,
noise_removed/mild_first/sp21_mild_first.wav,noise_removed,mild_first,sp21,manipulated,genuine,False,0.19967093595922292,0.070362074044933,False,3,
noise_removed/mild_first/sp22_mild_first.wav,noise_removed,mild_first,sp22,manipulated,manipulated,True,0.49525278392293903,0.08791186627141495,False,2,
noise_removed/mild_first/sp23_mild_first.wav,noise_removed,mild_first,sp23,manipulated,manipulated,True,0.4147044397863979,0.19798484932348562,False,2,
noise_removed/mild_first/sp24_mild_first.wav,noise_removed,mild_first,sp24,manipulated,manipulated,True,0.7584016441000919,0.17735202599738326,False,3,
noise_removed/mild_first/sp25_mild_first.wav,noise_removed,mild_first,sp25,manipulated,genuine,False,0.17325515762698007,0.0948886075651631,False,2,
noise_removed/mild_first/sp26_mild_first.wav,noise_removed,mild_first,sp26,manipulated,manipulated,True,0.6060214971675242,0.22988929002078085,True,2,
noise_removed/mild_first/sp27_mild_first.wav,noise_removed,mild_first,sp27,manipulated,genuine,False,0.11553329535607262,0.004416154242452175,False,2,
noise_removed/mild_first/sp28_mild_first.wav,noise_removed,mild_first,sp28,manipulated,genuine,False,0.18476404554927714,0.1109093511005485,False,2,
noise_removed/mild_first/sp29_mild_first.wav,noise_removed,mild_first,sp29,manipulated,manipulated,True,0.4491604972404064,0.20236230435809188,False,2,
noise_removed/mild_first/sp30_mild_first.wav,noise_removed,mild_first,sp30,manipulated,genuine,False,0.2818125848332562,0.14312238106082575,False,2,
noise_removed/mild_second/sp01_mild_second.wav,noise_removed,mild_second,sp01,manipulated,genuine,False,0.18050994511483376,0.06738268553731153,False,2,
noise_removed/mild_second/sp02_mild_second.wav,noise_removed,mild_second,sp02,manipulated,manipulated,True,0.6607803715608372,0.14723286778572192,False,2,
noise_removed/mild_second/sp03_mild_second.wav,noise_removed,mild_second,sp03,manipulated,genuine,False,0.11412144287458618,0.015433452175253548,False,2,
noise_removed/mild_second/sp04_mild_second.wav,noise_removed,mild_second,sp04,manipulated,genuine,False,0.14789879241048143,0.09210867839781345,False,2,
noise_removed/mild_second/sp05_mild_second.wav,noise_removed,mild_second,sp05,manipulated,genuine,False,0.14068082575419394,0.08800796302297853,False,2,
noise_removed/mild_second/sp06_mild_second.wav,noise_removed,mild_second,sp06,manipulated,genuine,False,0.1619503789341989,0.03058952146128041,False,2,
noise_removed/mild_second/sp07_mild_second.wav,noise_removed,mild_second,sp07,manipulated,genuine,False,0.20513400459566372,0.1242368170612651,False,2,
noise_removed/mild_second/sp08_mild_second.wav,noise_removed,mild_second,sp08,manipulated,genuine,False,0.1786102983342649,0.08988115757766069,False,2,
noise_removed/mild_second/sp09_mild_second.wav,noise_removed,mild_second,sp09,manipulated,manipulated,True,0.5747768431184774,0.2241002940420594,True,3,
noise_removed/mild_second/sp10_mild_second.wav,noise_removed,mild_second,sp10,manipulated,genuine,False,0.15104796507343266,0.006867269274836274,False,2,
noise_removed/mild_second/sp11_mild_second.wav,noise_removed,mild_second,sp11,manipulated,genuine,False,0.1768563466238804,0.05949475168737289,False,2,
noise_removed/mild_second/sp12_mild_second.wav,noise_removed,mild_second,sp12,manipulated,genuine,False,0.23873599517880914,0.06177580565770288,False,2,
noise_removed/mild_second/sp13_mild_second.wav,noise_removed,mild_second,sp13,manipulated,genuine,False,0.29629612603063943,0.0913400065255843,False,2,
noise_removed/mild_second/sp14_mild_second.wav,noise_removed,mild_second,sp14,manipulated,genuine,False,0.19220768187112108,0.019743387170479715,False,2,
noise_removed/mild_second/sp15_mild_second.wav,noise_removed,mild_second,sp15,manipulated,genuine,False,0.2826324482533725,0.074596211379887,False,2,
noise_removed/mild_second/sp16_mild_second.wav,noise_removed,mild_second,sp16,manipulated,genuine,False,0.10747850966692649,0.0024926890288144987,False,2,
noise_removed/mild_second/sp17_mild_second.wav,noise_removed,mild_second,sp17,manipulated,genuine,False,0.23263987424898733,0.09305278437745138,False,2,
noise_removed/mild_second/sp18_mild_second.wav,noise_removed,mild_second,sp18,manipulated,genuine,False,0.2956486314745681,0.16017477952221565,False,2,
noise_removed/mild_second/sp19_mild_second.wav,noise_removed,mild_second,sp19,manipulated,genuine,False,0.1470038009193412,0.0477600606866973,False,2,
noise_removed/mild_second/sp20_mild_second.wav,noise_removed,mild_second,sp20,manipulated,genuine,False,0.16187913022996014,0.08573224154401676,False,2,
noise_removed/mild_second/sp21_mild_second.wav,noise_removed,mild_second,sp21,manipulated,manipulated,True,0.4963849599236092,0.227424771670174,True,3,
noise_removed/mild_second/sp22_mild_second.wav,noise_removed,mild_second,sp22,manipulated,manipulated,True,0.6774972590354349,0.11453747762947741,False,2,
noise_removed/mild_second/sp23_mild_second.wav,noise_removed,mild_second,sp23,manipulated,genuine,False,0.14909323251308942,0.008880469459167484,False,2,
noise_removed/mild_second/sp24_mild_second.wav,noise_removed,mild_second,sp24,manipulated,manipulated,True,0.9226704441371232,0.24990668885889555,True,3,
noise_removed/mild_second/sp25_mild_second.wav,noise_removed,mild_second,sp25,manipulated,genuine,False,0.14582429355964494,0.03130267704813344,False,2,
noise_removed/mild_second/sp26_mild_second.wav,noise_removed,mild_second,sp26,manipulated,genuine,False,0.27971816719093034,0.07741087368545058,False,2,
noise_removed/mild_second/sp27_mild_second.wav,noise_removed,mild_second,sp27,manipulated,genuine,False,0.1611126955274937,0.07369421942453225,False,2,
noise_removed/mild_second/sp28_mild_second.wav,noise_removed,mild_second,sp28,manipulated,genuine,False,0.14566186926731423,0.05130434040309173,False,2,
noise_removed/mild_second/sp29_mild_second.wav,noise_removed,mild_second,sp29,manipulated,genuine,False,0.1301248158550517,0.019302988649196107,False,2,
noise_removed/mild_second/sp30_mild_second.wav,noise_removed,mild_second,sp30,manipulated,genuine,False,0.15507196652059957,0.012158911180823462,False,2,
