file,gt_assignment,is_manipulated,n_noisy_segs,dominant_type,dominant_conf,dominant_correct,seg0_ratio,seg0_type,seg0_conf,seg1_ratio,seg1_type,seg1_conf,seg2_ratio,seg2_type,seg2_conf,seg3_ratio,seg3_type,seg3_conf
rasa_Hindi_Male_001_multi_cr_ou_hv_no.wav,s0=crowd; s1=outdoor; s2=hvac,True,3,crowd,0.7899,True,6.7317,crowd,1.0,2.6496,human,0.2805,1.9987,hvac,1.0,0.0013,genuine,0.0
rasa_Hindi_Male_001_multi_no_no_hu_no.wav,s2=human,True,2,human,4.0599,True,1.5209,genuine,0.0,4.1761,crowd,1.0,3359.0218,human,1.0,0.4791,genuine,0.0
rasa_Hindi_Male_001_multi_no_no_ra_no.wav,s2=rain,True,2,rain,4.2501,True,1.5209,genuine,0.0,4.1761,crowd,1.0,4914.8907,rain,1.0,0.4791,genuine,0.0
rasa_Hindi_Male_001_multi_ra_hu_no_ou.wav,s0=rain; s1=human; s3=outdoor,True,3,rain,1.0905,True,25.348,rain,1.0,21.6797,human,1.0,0.0039,genuine,0.0,1.9961,outdoor,1.0
rasa_Hindi_Male_002_multi_hv_no_no_no.wav,s0=hvac,True,2,hvac,3.1107,True,502.4431,hvac,1.0,1.8127,genuine,0.0,2.0249,crowd,1.0,0.1873,genuine,0.0
rasa_Hindi_Male_002_multi_no_no_no_ou.wav,s3=outdoor,True,1,outdoor,5.5541,True,0.4948,genuine,0.0,1.5052,genuine,0.0,1.6815,genuine,0.0,257.2925,outdoor,1.0
rasa_Hindi_Male_002_multi_no_no_no_ra.wav,s3=rain,True,1,rain,7.9773,True,0.4948,genuine,0.0,1.5052,genuine,0.0,1.6815,genuine,0.0,2913.0362,rain,1.0
rasa_Hindi_Male_002_multi_no_wn_no_cr.wav,s1=white_noise; s3=crowd,True,2,white_noise,3.7172,True,0.4547,genuine,0.0,1692.3226,white_noise,1.0,1.5453,genuine,0.0,1477.796,hvac,1.0
rasa_Hindi_Male_003_multi_cr_no_no_no.wav,s0=crowd,True,2,crowd,3.4466,True,324.781,crowd,1.0,1.8127,genuine,0.0,2.0249,crowd,1.0,0.1873,genuine,0.0
rasa_Hindi_Male_003_multi_hv_no_ou_no.wav,s0=hvac; s2=outdoor,True,2,outdoor,3.4883,True,489.5036,hvac,1.0,1.8127,genuine,0.0,1070.2982,outdoor,1.0,0.1873,genuine,0.0
rasa_Hindi_Male_003_multi_no_no_ra_no.wav,s2=rain,True,2,rain,4.7282,True,1.5216,genuine,0.0,4.6293,hvac,0.9613,11961.693,rain,1.0,0.4784,genuine,0.0
rasa_Hindi_Male_003_multi_no_ou_hv_no.wav,s1=outdoor; s2=hvac,True,2,hvac,4.1717,True,1.5216,genuine,0.0,1550.3962,white_noise,0.1951,1723.8633,hvac,1.0,0.4784,genuine,0.0
rasa_Hindi_Male_004_multi_hv_no_no_hu.wav,s0=hvac; s3=human,True,2,human,3.6821,True,392.6161,hvac,1.0,0.6074,genuine,0.0,1.3926,genuine,0.0,1577.4919,human,1.0
rasa_Hindi_Male_004_multi_no_hv_no_ou.wav,s1=hvac; s3=outdoor,True,2,outdoor,2.94,True,0.8779,genuine,0.0,232.8472,hvac,1.0,1.1221,genuine,0.0,356.8447,outdoor,1.0
rasa_Hindi_Male_004_multi_no_no_ra_no.wav,s2=rain,True,1,rain,7.462,True,1.2841,genuine,0.0,0.7159,genuine,0.0,1739.6039,rain,1.0,1.8315,genuine,0.0
rasa_Hindi_Male_004_multi_wn_no_hv_no.wav,s0=white_noise; s2=hvac,True,2,white_noise,3.8129,True,2049.4933,white_noise,1.0,0.5621,genuine,0.0,216.3465,hvac,1.0,1.4379,genuine,0.0
rasa_Hindi_Male_005_multi_hu_no_wn_hv.wav,s0=human; s2=white_noise; s3=hvac,True,3,human,1.0035,True,19.2987,human,1.0,0.0036,genuine,0.0,18.1366,white_noise,1.0,1.9964,hvac,1.0
rasa_Hindi_Male_005_multi_hv_no_no_no.wav,s0=hvac,True,2,hvac,3.3527,True,815.7307,hvac,1.0,0.8072,genuine,0.0,5.1232,crowd,1.0,1.1928,genuine,0.0
rasa_Hindi_Male_005_multi_no_no_hv_no.wav,s2=hvac,True,2,rain,3.3898,False,4.8356,crowd,1.0,0.8072,genuine,0.0,878.6565,rain,1.0,1.1928,genuine,0.0
rasa_Hindi_Male_005_multi_no_wn_hu_ra.wav,s1=white_noise; s2=human; s3=rain,True,3,human,0.5311,True,0.0047,genuine,0.0,1.9953,white_noise,1.0,3.9203,human,1.0,3.3298,rain,1.0
rasa_Hindi_Male_006_multi_no_no_no_hv.wav,s3=hvac,True,2,rain,3.4351,False,0.7324,genuine,0.0,1.2676,genuine,0.0,2.0301,crowd,1.0,962.0726,rain,1.0
rasa_Hindi_Male_006_multi_no_no_ra_ou.wav,s2=rain; s3=outdoor,True,2,rain,4.2674,True,0.7324,genuine,0.0,1.2676,genuine,0.0,5087.3774,rain,1.0,1043.3337,outdoor,1.0
rasa_Hindi_Male_006_multi_no_ra_hu_no.wav,s1=rain; s2=human,True,2,rain,4.6663,True,0.8572,genuine,0.0,11299.6697,rain,1.0,4535.5301,human,0.9996,1.1428,genuine,0.0
rasa_Hindi_Male_006_multi_wn_no_no_no.wav,s0=white_noise,True,1,white_noise,8.2821,True,3951.4126,white_noise,1.0,1.1298,genuine,0.0,1.8093,genuine,0.0,0.8702,genuine,0.0
rasa_Hindi_Male_007_multi_no_cr_no_no.wav,s1=crowd,True,2,crowd,4.9556,True,8.1226,crowd,1.0,2208.134,crowd,1.0,1.3033,genuine,0.0,0.6967,genuine,0.0
rasa_Hindi_Male_007_multi_no_hu_no_ra.wav,s1=human; s3=rain,True,2,rain,3.6248,True,1.7235,genuine,0.0,647.0856,human,1.0,0.2765,genuine,0.0,1406.5399,rain,1.0
rasa_Hindi_Male_007_multi_no_no_cr_no.wav,s2=crowd,True,2,hvac,3.7955,False,6.8158,crowd,1.0,1.4154,genuine,0.0,1979.2096,hvac,1.0,0.5846,genuine,0.0
rasa_Hindi_Male_007_multi_no_no_no_hu.wav,s3=human,True,2,human,4.1127,True,5.433,crowd,1.0,1.1282,genuine,0.0,0.8718,genuine,0.0,3733.8614,human,1.0
rasa_Hindi_Male_008_multi_hu_ou_no_no.wav,s0=human; s1=outdoor,True,2,outdoor,6.4432,True,1724.0109,outdoor,0.9181,420.4655,outdoor,1.0,1.4924,genuine,0.0,0.5076,genuine,0.0
rasa_Hindi_Male_008_multi_no_cr_no_no.wav,s1=crowd,True,2,crowd,4.7014,True,0.7646,genuine,0.0,2616.0128,crowd,1.0,3.6318,crowd,1.0,1.2354,genuine,0.0
rasa_Hindi_Male_008_multi_no_ra_cr_wn.wav,s1=rain; s2=crowd; s3=white_noise,True,3,white_noise,0.6107,True,0.0006,genuine,0.0,4.1127,rain,1.0,1.9994,hvac,1.0,5.2474,white_noise,1.0
rasa_Hindi_Male_008_multi_ra_no_ou_hv.wav,s0=rain; s2=outdoor; s3=hvac,True,3,rain,0.8564,True,12.0545,rain,1.0,0.009,genuine,0.0,1.991,outdoor,1.0,3.5602,hvac,1.0
rasa_Hindi_Male_009_multi_cr_no_no_ra.wav,s0=crowd; s3=rain,True,2,rain,3.9735,True,360.9139,crowd,1.0,1.5574,genuine,0.0,0.4426,genuine,0.0,2826.1009,rain,1.0
rasa_Hindi_Male_009_multi_no_no_hv_ra.wav,s2=hvac; s3=rain,True,2,rain,3.8284,True,0.5509,genuine,0.0,1.4491,genuine,0.0,599.75,hvac,1.0,2113.7884,rain,1.0
rasa_Hindi_Male_009_multi_ra_no_ou_no.wav,s0=rain; s2=outdoor,True,2,rain,3.9404,True,2645.1552,rain,1.0,1.5454,genuine,0.0,695.331,outdoor,1.0,0.4546,genuine,0.0
rasa_Hindi_Male_009_multi_wn_ou_no_cr.wav,s0=white_noise; s1=outdoor; s3=crowd,True,3,white_noise,0.7574,True,8.7019,white_noise,1.0,1.9985,outdoor,1.0,0.0015,genuine,0.0,3.8185,crowd,1.0
rasa_Hindi_Male_010_multi_no_hu_no_no.wav,s1=human,True,2,human,3.7846,True,1.3119,genuine,0.0,1936.7763,human,1.0,2.9033,crowd,1.0,0.6881,genuine,0.0
rasa_Hindi_Male_010_multi_no_ou_no_no.wav,s1=outdoor,True,2,human,2.9884,False,1.3119,genuine,0.0,393.2085,human,1.0,2.9033,crowd,1.0,0.6881,genuine,0.0
rasa_Hindi_Male_010_multi_no_wn_ou_hu.wav,s1=white_noise; s2=outdoor; s3=human,True,3,outdoor,1.0229,True,0.0036,genuine,0.0,4.9561,white_noise,1.0,1.9964,outdoor,1.0,6.1804,outdoor,1.0
rasa_Hindi_Male_010_multi_wn_no_no_hu.wav,s0=white_noise; s3=human,True,2,white_noise,3.4681,True,1027.7561,white_noise,1.0,0.976,genuine,0.0,1.024,genuine,0.0,778.0222,human,0.9937
rasa_Hindi_Male_011_multi_hv_no_no_wn.wav,s0=hvac; s3=white_noise,True,2,white_noise,3.8002,True,262.5625,hvac,1.0,1.6668,genuine,0.0,0.3332,genuine,0.0,1997.845,white_noise,1.0
rasa_Hindi_Male_011_multi_no_no_wn_no.wav,s2=white_noise,True,2,white_noise,4.092,True,0.5996,genuine,0.0,3.9751,hvac,0.8482,3582.365,white_noise,1.0,1.4004,genuine,0.0
rasa_Hindi_Male_011_multi_no_wn_no_hv.wav,s1=white_noise; s3=hvac,True,2,white_noise,4.301,True,0.8601,genuine,0.0,5441.1328,white_noise,1.0,1.1399,genuine,0.0,1167.8333,hvac,1.0
rasa_Hindi_Male_011_multi_ou_wn_hu_no.wav,s0=outdoor; s1=white_noise; s2=human,True,3,outdoor,1.2964,True,1.9932,outdoor,1.0,18.4688,white_noise,1.0,18.0385,outdoor,0.9479,0.0068,genuine,0.0
rasa_Hindi_Male_012_multi_cr_wn_no_hu.wav,s0=crowd; s1=white_noise; s3=human,True,3,human,0.8793,True,1.9989,crowd,0.9999,6.9134,white_noise,1.0,0.0011,genuine,0.0,12.9822,human,1.0
rasa_Hindi_Male_012_multi_hu_no_wn_no.wav,s0=human; s2=white_noise,True,2,white_noise,3.8153,True,1942.5717,human,1.0,0.1578,genuine,0.0,2059.2255,white_noise,1.0,1.8422,genuine,0.0
rasa_Hindi_Male_012_multi_no_hv_no_ou.wav,s1=hvac; s3=outdoor,True,2,outdoor,3.4224,True,1.7068,genuine,0.0,317.3714,hvac,1.0,0.2932,genuine,0.0,938.0586,outdoor,1.0
rasa_Hindi_Male_012_multi_wn_no_no_ou.wav,s0=white_noise; s3=outdoor,True,2,white_noise,5.1712,True,8936.3479,white_noise,1.0,0.7381,genuine,0.0,1.2619,genuine,0.0,2581.4583,human,0.3149
rasa_Hindi_Male_013_multi_hu_cr_ra_no.wav,s0=human; s1=crowd; s2=rain,True,3,rain,0.6191,True,3.9884,outdoor,0.6252,1.9983,hvac,1.0,5.406,rain,1.0,0.0017,genuine,0.0
rasa_Hindi_Male_013_multi_hv_wn_ou_no.wav,s0=hvac; s1=white_noise; s2=outdoor,True,3,white_noise,0.8249,True,2.1416,hvac,1.0,8.6953,white_noise,1.0,1.9958,rain,0.3376,0.0042,genuine,0.0
rasa_Hindi_Male_013_multi_no_no_no_hv.wav,s3=hvac,True,2,hvac,4.7956,True,12.1863,hvac,1.0,1.6217,genuine,0.0,0.3783,genuine,0.0,1108.7856,hvac,1.0
rasa_Hindi_Male_013_multi_ou_no_cr_no.wav,s0=outdoor; s2=crowd,True,2,hvac,3.6954,False,745.4594,human,1.0,0.9089,genuine,0.0,1619.8867,hvac,1.0,1.0911,genuine,0.0
rasa_Hindi_Male_014_multi_hu_no_ou_no.wav,s0=human; s2=outdoor,True,2,human,6.71,True,3619.2019,human,0.7072,1.4174,genuine,0.0,2047.8004,human,1.0,0.5826,genuine,0.0
rasa_Hindi_Male_014_multi_hu_no_ou_ra.wav,s0=human; s2=outdoor; s3=rain,True,3,rain,0.6883,True,3.6345,human,1.0,0.0014,genuine,0.0,1.9986,outdoor,1.0,6.8856,rain,1.0
rasa_Hindi_Male_014_multi_hv_no_ra_wn.wav,s0=hvac; s2=rain; s3=white_noise,True,3,rain,1.081,True,1.9963,hvac,1.0,0.0037,genuine,0.0,24.6104,rain,1.0,16.1652,white_noise,1.0
rasa_Hindi_Male_014_multi_no_ou_no_no.wav,s1=outdoor,True,2,outdoor,3.6386,True,1.2557,genuine,0.0,1344.1226,outdoor,1.0,2.8991,human,0.3187,0.7443,genuine,0.0
rasa_Hindi_Male_015_multi_no_no_no_ou.wav,s3=outdoor,True,1,outdoor,6.4947,True,1.2033,genuine,0.0,1.7077,genuine,0.0,0.7967,genuine,0.0,660.6095,outdoor,1.0
rasa_Hindi_Male_015_multi_no_ra_no_hv.wav,s1=rain; s3=hvac,True,2,rain,4.2399,True,1.2033,genuine,0.0,4815.4904,rain,1.0,0.7967,genuine,0.0,510.7442,hvac,1.0
rasa_Hindi_Male_015_multi_no_wn_hu_cr.wav,s1=white_noise; s2=human; s3=crowd,True,3,white_noise,0.6417,True,0.0019,genuine,0.0,5.8568,white_noise,1.0,3.639,human,1.0,1.9981,crowd,1.0
rasa_Hindi_Male_015_multi_wn_no_no_no.wav,s0=white_noise,True,2,white_noise,3.6426,True,1457.5889,white_noise,1.0,1.3637,genuine,0.0,0.6363,genuine,0.0,2.8577,crowd,1.0
rasa_Hindi_Male_016_multi_hu_cr_wn_no.wav,s0=human; s1=crowd; s2=white_noise,True,3,white_noise,0.4541,True,1.9976,human,1.0,2.3596,rain,1.0,2.9056,white_noise,1.0,0.0024,genuine,0.0
rasa_Hindi_Male_016_multi_no_hv_hu_ra.wav,s1=hvac; s2=human; s3=rain,True,3,white_noise,0.8663,False,0.0008,genuine,0.0,1.9992,hvac,1.0,9.2986,human,1.0,12.449,white_noise,1.0
rasa_Hindi_Male_016_multi_ou_no_no_no.wav,s0=outdoor,True,1,outdoor,4.4248,True,82.4926,outdoor,1.0,1.1421,genuine,0.0,0.8579,genuine,0.0,1.6965,genuine,0.0
rasa_Hindi_Male_016_multi_ou_wn_no_hv.wav,s0=outdoor; s1=white_noise; s3=hvac,True,3,white_noise,0.837,True,1.9954,outdoor,1.0,11.3167,white_noise,1.0,0.0046,genuine,0.0,2.4945,hvac,1.0
rasa_Hindi_Male_017_multi_cr_no_ou_ra.wav,s0=crowd; s2=outdoor; s3=rain,True,3,rain,0.76,True,1.9978,crowd,1.0,0.0022,genuine,0.0,2.1645,outdoor,1.0,8.7766,rain,1.0
rasa_Hindi_Male_017_multi_hv_cr_hu_no.wav,s0=hvac; s1=crowd; s2=human,True,3,human,0.9218,True,1.9966,hvac,1.0,2.6136,crowd,1.0,14.8866,human,1.0,0.0034,genuine,0.0
rasa_Hindi_Male_017_multi_no_cr_no_no.wav,s1=crowd,True,1,crowd,8.044,True,0.9703,genuine,0.0,3113.9405,crowd,1.0,1.4393,genuine,0.0,1.0297,genuine,0.0
rasa_Hindi_Male_017_multi_no_no_hu_ou.wav,s2=human; s3=outdoor,True,2,human,4.2491,True,1.0141,genuine,0.0,0.9859,genuine,0.0,4904.6545,human,1.0,627.9424,outdoor,1.0
rasa_Hindi_Male_018_multi_no_no_no_wn.wav,s3=white_noise,True,2,white_noise,4.1476,True,0.9525,genuine,0.0,1.0475,genuine,0.0,2.4362,crowd,1.0,4003.699,white_noise,1.0
rasa_Hindi_Male_018_multi_no_no_ou_no.wav,s2=outdoor,True,2,crowd,1.4915,False,0.9525,genuine,0.0,1.0475,genuine,0.0,806.5991,human,0.2597,3.6291,crowd,1.0
rasa_Hindi_Male_018_multi_no_wn_no_no.wav,s1=white_noise,True,2,white_noise,3.9707,True,0.5622,genuine,0.0,2810.199,white_noise,1.0,1.4378,genuine,0.0,2.1419,crowd,1.0
rasa_Hindi_Male_018_multi_ou_no_no_hu.wav,s0=outdoor; s3=human,True,2,human,3.8999,True,368.2105,outdoor,1.0,0.6014,genuine,0.0,1.3986,genuine,0.0,2439.1653,human,1.0
rasa_Hindi_Male_019_multi_cr_hu_ou_no.wav,s0=crowd; s1=human; s2=outdoor,True,3,human,0.9745,True,15.4835,hvac,1.0,17.6064,human,1.0,1.9892,outdoor,1.0,0.0108,genuine,0.0
rasa_Hindi_Male_019_multi_cr_no_ou_wn.wav,s0=crowd; s2=outdoor; s3=white_noise,True,3,hvac,0.9323,False,15.3941,hvac,1.0,0.0023,genuine,0.0,1.9977,outdoor,1.0,11.7577,white_noise,1.0
rasa_Hindi_Male_019_multi_no_ra_ou_hu.wav,s1=rain; s2=outdoor; s3=human,True,3,outdoor,0.9432,True,0.0022,genuine,0.0,6.5843,rain,1.0,1.9978,outdoor,1.0,4.6497,outdoor,1.0
rasa_Hindi_Male_019_multi_no_wn_ra_cr.wav,s1=white_noise; s2=rain; s3=crowd,True,3,rain,0.6825,True,0.0013,genuine,0.0,2.9764,white_noise,1.0,6.7495,rain,1.0,1.9987,crowd,1.0
rasa_Hindi_Male_020_multi_no_cr_ra_no.wav,s1=crowd; s2=rain,True,2,rain,3.9053,True,1.5322,genuine,0.0,1032.1385,hvac,1.0,2465.4969,rain,1.0,0.4678,genuine,0.0
rasa_Hindi_Male_020_multi_no_no_cr_wn.wav,s2=crowd; s3=white_noise,True,2,white_noise,3.6303,True,1.1619,genuine,0.0,0.8381,genuine,0.0,820.8242,hvac,1.0,1421.9715,white_noise,1.0
rasa_Hindi_Male_020_multi_no_ou_hv_cr.wav,s1=outdoor; s2=hvac; s3=crowd,True,3,outdoor,0.5892,True,0.0126,genuine,0.0,4.8575,outdoor,1.0,3.324,rain,1.0,1.9874,crowd,1.0
rasa_Hindi_Male_020_multi_ra_no_no_no.wav,s0=rain,True,2,rain,4.3256,True,5716.0654,rain,1.0,2.1776,crowd,1.0,1.0783,genuine,0.0,0.9217,genuine,0.0
rasa_Hindi_Male_021_multi_hv_no_no_no.wav,s0=hvac,True,1,hvac,6.2649,True,524.7661,hvac,1.0,0.4301,genuine,0.0,1.8297,genuine,0.0,1.5699,genuine,0.0
rasa_Hindi_Male_021_multi_no_ra_ou_no.wav,s1=rain; s2=outdoor,True,2,rain,4.189,True,0.286,genuine,0.0,4349.3489,rain,1.0,1331.3672,outdoor,1.0,1.714,genuine,0.0
rasa_Hindi_Male_021_multi_no_ra_wn_hu.wav,s1=rain; s2=white_noise; s3=human,True,3,rain,0.4608,True,0.0002,genuine,0.0,2.9839,rain,1.0,2.6168,white_noise,1.0,1.9998,human,1.0
rasa_Hindi_Male_021_multi_wn_ou_cr_no.wav,s0=white_noise; s1=outdoor; s2=crowd,True,3,white_noise,0.8378,True,11.3456,white_noise,1.0,1.9926,outdoor,1.0,2.2022,crowd,1.0,0.0074,genuine,0.0
rasa_Hindi_Male_022_multi_cr_no_ou_ra.wav,s0=crowd; s2=outdoor; s3=rain,True,3,white_noise,0.669,False,1.9965,crowd,1.0,0.0035,genuine,0.0,2.9653,outdoor,1.0,12.5049,white_noise,0.771
rasa_Hindi_Male_022_multi_hv_ou_no_hu.wav,s0=hvac; s1=outdoor; s3=human,True,3,human,0.9129,True,1.9965,hvac,1.0,3.809,outdoor,1.0,0.0035,genuine,0.0,14.4921,human,0.9994
rasa_Hindi_Male_022_multi_ou_wn_no_no.wav,s0=outdoor; s1=white_noise,True,2,white_noise,4.2516,True,356.9506,outdoor,1.0,4929.094,white_noise,1.0,1.203,genuine,0.0,0.797,genuine,0.0
rasa_Hindi_Male_022_multi_ra_no_cr_ou.wav,s0=rain; s2=crowd; s3=outdoor,True,3,rain,0.7342,True,8.049,rain,1.0,0.0023,genuine,0.0,2.2167,crowd,1.0,1.9977,human,1.0
rasa_Hindi_Male_023_multi_hu_no_cr_no.wav,s0=human; s2=crowd,True,3,hvac,2.3996,False,1067.7558,human,1.0,0.1169,genuine,0.0,1336.6777,hvac,1.0,1.8831,crowd,1.0
rasa_Hindi_Male_023_multi_hv_hu_no_cr.wav,s0=hvac; s1=human; s3=crowd,True,3,human,0.8963,True,1.989,hvac,1.0,13.7266,human,0.9997,0.011,genuine,0.0,4.1254,crowd,1.0
rasa_Hindi_Male_023_multi_no_hv_no_cr.wav,s1=hvac; s3=crowd,True,2,hvac,6.3606,True,0.7809,genuine,0.0,318.8909,hvac,1.0,1.2191,genuine,0.0,1045.4731,hvac,1.0
rasa_Hindi_Male_023_multi_no_no_ra_no.wav,s2=rain,True,2,rain,4.3824,True,1.758,genuine,0.0,0.242,genuine,0.0,6403.7101,rain,1.0,3.8976,crowd,1.0
rasa_Hindi_Male_024_multi_cr_no_ou_no.wav,s0=crowd; s2=outdoor,True,2,crowd,2.9559,True,368.4047,crowd,1.0,0.7869,genuine,0.0,273.1598,outdoor,1.0,1.2131,genuine,0.0
rasa_Hindi_Male_024_multi_no_no_no_cr.wav,s3=crowd,True,1,hvac,7.1766,False,0.6843,genuine,0.0,1.3157,genuine,0.0,1.4823,genuine,0.0,1307.4282,hvac,1.0
rasa_Hindi_Male_024_multi_no_no_no_ra.wav,s3=rain,True,1,rain,8.0141,True,0.6843,genuine,0.0,1.3157,genuine,0.0,1.4823,genuine,0.0,3022.1628,rain,1.0
rasa_Hindi_Male_024_multi_ra_ou_no_hu.wav,s0=rain; s1=outdoor; s3=human,True,3,rain,1.2582,True,42.5763,rain,1.0,1.9803,outdoor,1.0,0.0197,genuine,0.0,30.5564,human,1.0
rasa_Hindi_Male_025_multi_cr_no_no_no.wav,s0=crowd,True,1,crowd,7.6277,True,2053.2384,crowd,1.0,1.3181,genuine,0.0,1.0902,genuine,0.0,0.9098,genuine,0.0
rasa_Hindi_Male_025_multi_cr_wn_no_hv.wav,s0=crowd; s1=white_noise; s3=hvac,True,3,white_noise,1.039,True,1.9977,crowd,1.0,21.5792,white_noise,1.0,0.0023,genuine,0.0,2.0287,hvac,1.0
rasa_Hindi_Male_025_multi_no_no_no_cr.wav,s3=crowd,True,1,hvac,8.0722,False,1.2535,genuine,0.0,1.0946,genuine,0.0,0.9054,genuine,0.0,3203.0929,hvac,1.0
rasa_Hindi_Male_025_multi_ra_no_no_no.wav,s0=rain,True,1,rain,9.1116,True,9058.8397,rain,1.0,1.3181,genuine,0.0,1.0902,genuine,0.0,0.9098,genuine,0.0
rasa_Hindi_Male_026_multi_hu_no_wn_ou.wav,s0=human; s2=white_noise; s3=outdoor,True,3,outdoor,1.1275,True,8.8242,outdoor,1.0,0.0029,genuine,0.0,7.4977,white_noise,1.0,1.9971,outdoor,1.0
rasa_Hindi_Male_026_multi_no_cr_no_wn.wav,s1=crowd; s3=white_noise,True,2,white_noise,4.2143,True,1.3128,genuine,0.0,1067.4087,crowd,1.0,0.6872,genuine,0.0,4575.4682,white_noise,1.0
rasa_Hindi_Male_026_multi_no_ou_ra_wn.wav,s1=outdoor; s2=rain; s3=white_noise,True,3,rain,0.7343,True,0.0016,genuine,0.0,1.9984,outdoor,0.9998,8.0519,rain,1.0,5.5743,white_noise,1.0
rasa_Hindi_Male_026_multi_no_wn_no_ra.wav,s1=white_noise; s3=rain,True,2,white_noise,4.482,True,1.3128,genuine,0.0,7815.5449,white_noise,1.0,0.6872,genuine,0.0,5735.6199,rain,1.0
rasa_Hindi_Male_027_multi_no_hv_no_wn.wav,s1=hvac; s3=white_noise,True,2,white_noise,3.9572,True,0.9765,genuine,0.0,322.9974,hvac,1.0,1.0235,genuine,0.0,2735.2549,white_noise,1.0
rasa_Hindi_Male_027_multi_no_ra_hu_no.wav,s1=rain; s2=human,True,2,human,3.947,True,1.1563,genuine,0.0,2352.9138,rain,1.0,2679.8814,human,1.0,0.8437,genuine,0.0
rasa_Hindi_Male_027_multi_ou_hv_no_wn.wav,s0=outdoor; s1=hvac; s3=white_noise,True,3,white_noise,0.9157,True,3.1556,outdoor,1.0,1.9946,hvac,1.0,0.0054,genuine,0.0,14.5974,white_noise,1.0
rasa_Hindi_Male_027_multi_wn_no_ou_hv.wav,s0=white_noise; s2=outdoor; s3=hvac,True,3,white_noise,1.1706,True,27.1508,white_noise,1.0,0.0118,genuine,0.0,1.9882,human,0.2925,7.3905,hvac,1.0
rasa_Hindi_Male_028_multi_hv_no_ou_wn.wav,s0=hvac; s2=outdoor; s3=white_noise,True,3,white_noise,0.7507,True,1.9966,hvac,1.0,0.0034,genuine,0.0,3.0217,outdoor,1.0,8.5077,white_noise,1.0
rasa_Hindi_Male_028_multi_ra_wn_hu_no.wav,s0=rain; s1=white_noise; s2=human,True,3,rain,0.495,True,3.4153,rain,1.0,2.1284,white_noise,1.0,1.9997,human,1.0,0.0003,genuine,0.0
rasa_Hindi_Male_028_multi_wn_no_ou_hv.wav,s0=white_noise; s2=outdoor; s3=hvac,True,3,white_noise,0.8176,True,10.6191,white_noise,1.0,0.0038,genuine,0.0,2.7672,outdoor,1.0,1.9962,hvac,1.0
rasa_Hindi_Male_028_multi_wn_ra_cr_no.wav,s0=white_noise; s1=rain; s2=crowd,True,3,rain,0.4973,True,2.9118,white_noise,1.0,3.4462,rain,1.0,1.9996,crowd,1.0,0.0004,genuine,0.0
rasa_Hindi_Male_029_multi_hv_no_no_no.wav,s0=hvac,True,1,hvac,6.2199,True,501.6645,hvac,1.0,1.1529,genuine,0.0,1.5516,genuine,0.0,0.8471,genuine,0.0
rasa_Hindi_Male_029_multi_no_cr_no_no.wav,s1=crowd,True,2,crowd,3.5938,True,0.9193,genuine,0.0,443.0461,crowd,1.0,1.9793,crowd,1.0,1.0807,genuine,0.0
rasa_Hindi_Male_029_multi_no_no_ra_hv.wav,s2=rain; s3=hvac,True,2,rain,4.3679,True,0.7693,genuine,0.0,1.2307,genuine,0.0,6220.5197,rain,1.0,942.4675,hvac,1.0
rasa_Hindi_Male_029_multi_no_ra_hv_cr.wav,s1=rain; s2=hvac; s3=crowd,True,3,rain,0.6209,True,0.0017,genuine,0.0,5.4407,rain,1.0,1.9983,hvac,1.0,2.6869,crowd,1.0
rasa_Hindi_Male_030_multi_cr_no_no_no.wav,s0=crowd,True,2,crowd,5.1628,True,6354.3781,crowd,1.0,0.9515,genuine,0.0,1.0485,genuine,0.0,3.7997,crowd,1.0
rasa_Hindi_Male_030_multi_hu_cr_no_no.wav,s0=human; s1=crowd,True,2,human,4.07,True,3428.1688,human,1.0,1264.9418,hvac,1.0,0.4325,genuine,0.0,1.5675,genuine,0.0
rasa_Hindi_Male_030_multi_no_no_no_cr.wav,s3=crowd,True,2,crowd,5.2999,True,6.8883,crowd,1.0,0.9515,genuine,0.0,1.0485,genuine,0.0,5086.1634,crowd,1.0
rasa_Hindi_Male_030_multi_no_ra_no_no.wav,s1=rain,True,2,rain,3.8738,True,2.8416,crowd,1.0,2315.0792,rain,1.0,0.4325,genuine,0.0,1.5675,genuine,0.0
rasa_Hindi_Male_031_multi_no_cr_no_hu.wav,s1=crowd; s3=human,True,2,outdoor,3.4217,False,0.4972,genuine,0.0,258.8941,crowd,1.0,1.5028,genuine,0.0,936.6447,outdoor,1.0
rasa_Hindi_Male_031_multi_no_hv_no_ra.wav,s1=hvac; s3=rain,True,2,rain,3.4604,True,0.4972,genuine,0.0,623.3536,hvac,1.0,1.5028,genuine,0.0,1012.1087,rain,1.0
rasa_Hindi_Male_031_multi_no_no_wn_no.wav,s2=white_noise,True,2,white_noise,4.0769,True,0.8513,genuine,0.0,2.0635,crowd,1.0,3475.5365,white_noise,1.0,1.1487,genuine,0.0
rasa_Hindi_Male_031_multi_wn_no_hv_hu.wav,s0=white_noise; s2=hvac; s3=human,True,3,white_noise,0.7433,True,8.2995,white_noise,1.0,0.0042,genuine,0.0,1.9958,hvac,1.0,3.2582,outdoor,1.0
rasa_Hindi_Male_032_multi_no_no_no_ra.wav,s3=rain,True,2,rain,5.2951,True,1.5112,genuine,0.0,3.7392,rain,1.0,0.4888,genuine,0.0,8384.8972,rain,1.0
rasa_Hindi_Male_032_multi_wn_no_cr_hv.wav,s0=white_noise; s2=crowd; s3=hvac,True,3,white_noise,0.6536,True,6.1058,white_noise,1.0,0.0076,genuine,0.0,1.9924,crowd,1.0,3.4415,rain,1.0
rasa_Hindi_Male_032_multi_wn_no_hu_ra.wav,s0=white_noise; s2=human; s3=rain,True,3,rain,0.6402,True,1.9975,white_noise,1.0,0.0025,genuine,0.0,2.7718,human,1.0,5.8258,rain,1.0
rasa_Hindi_Male_032_multi_wn_ou_no_hu.wav,s0=white_noise; s1=outdoor; s3=human,True,3,human,1.018,True,8.2009,white_noise,1.0,1.9986,outdoor,1.0,0.0014,genuine,0.0,20.1987,human,1.0
rasa_Hindi_Male_033_multi_no_hu_ou_cr.wav,s1=human; s2=outdoor; s3=crowd,True,3,human,1.0872,True,0.0022,genuine,0.0,25.0938,human,1.0,5.6607,outdoor,1.0,1.9978,crowd,1.0
rasa_Hindi_Male_033_multi_no_no_ra_no.wav,s2=rain,True,2,rain,6.2602,True,1.341,genuine,0.0,0.659,genuine,0.0,25097.6497,rain,1.0,12.4693,rain,0.919
rasa_Hindi_Male_033_multi_no_ou_cr_no.wav,s1=outdoor; s2=crowd,True,2,outdoor,3.1547,True,0.1942,genuine,0.0,558.17,outdoor,0.9973,274.748,crowd,1.0,1.8058,genuine,0.0
rasa_Hindi_Male_033_multi_ra_hv_hu_no.wav,s0=rain; s1=hvac; s2=human,True,3,rain,1.1457,True,9.394,rain,1.0,1.9913,rain,1.0,12.7017,human,1.0,0.0087,genuine,0.0
rasa_Hindi_Male_034_multi_no_hv_hu_wn.wav,s1=hvac; s2=human; s3=white_noise,True,3,white_noise,1.0814,True,0.0067,genuine,0.0,1.9933,hvac,1.0,21.7071,human,1.0,24.6436,white_noise,1.0
rasa_Hindi_Male_034_multi_no_hv_no_ou.wav,s1=hvac; s3=outdoor,True,2,outdoor,3.31,True,0.7448,genuine,0.0,294.1054,hvac,1.0,1.2552,genuine,0.0,748.9052,outdoor,1.0
rasa_Hindi_Male_034_multi_ra_no_no_cr.wav,s0=rain; s3=crowd,True,2,rain,7.3033,True,1482.1856,rain,1.0,1.0149,genuine,0.0,0.9851,genuine,0.0,1486.1703,rain,1.0
rasa_Hindi_Male_034_multi_wn_no_ra_ou.wav,s0=white_noise; s2=rain; s3=outdoor,True,3,rain,0.7531,True,3.0826,white_noise,1.0,0.003,genuine,0.0,7.8179,rain,1.0,1.997,human,0.3093
rasa_Hindi_Male_035_multi_no_hv_no_ra.wav,s1=hvac; s3=rain,True,2,outdoor,3.4375,False,0.2808,genuine,0.0,325.8573,hvac,1.0,1.7192,genuine,0.0,966.7421,outdoor,1.0
rasa_Hindi_Male_035_multi_no_ou_cr_no.wav,s1=outdoor; s2=crowd,True,2,crowd,4.2869,True,0.8971,genuine,0.0,466.9165,outdoor,1.0,5289.925,crowd,1.0,1.1029,genuine,0.0
rasa_Hindi_Male_035_multi_ra_hv_no_cr.wav,s0=rain; s1=hvac; s3=crowd,True,3,rain,1.1668,True,30.4212,rain,1.0,2.0068,hvac,1.0,0.0166,genuine,0.0,1.9834,crowd,0.8195
rasa_Hindi_Male_035_multi_ra_no_no_hu.wav,s0=rain; s3=human,True,2,rain,3.837,True,2150.503,rain,1.0,0.761,genuine,0.0,1.239,genuine,0.0,608.7663,human,0.9997
rasa_Hindi_Male_036_multi_hu_cr_no_ra.wav,s0=human; s1=crowd; s3=rain,True,3,human,0.4872,True,3.3127,human,1.0,1.9994,hvac,0.9999,0.0006,genuine,0.0,2.1868,outdoor,1.0
rasa_Hindi_Male_036_multi_no_no_ou_no.wav,s2=outdoor,True,1,outdoor,7.0667,True,0.9458,genuine,0.0,1.2357,genuine,0.0,1171.3315,outdoor,1.0,1.0542,genuine,0.0
rasa_Hindi_Male_036_multi_no_no_wn_hv.wav,s2=white_noise; s3=hvac,True,2,white_noise,4.1009,True,0.8671,genuine,0.0,1.1329,genuine,0.0,3646.445,white_noise,1.0,497.0618,hvac,1.0
rasa_Hindi_Male_036_multi_ra_no_no_no.wav,s0=rain,True,1,rain,8.84,True,6903.8156,rain,1.0,1.3088,genuine,0.0,0.8835,genuine,0.0,1.1165,genuine,0.0
rasa_Hindi_Male_037_multi_hu_cr_ra_no.wav,s0=human; s1=crowd; s2=rain,True,3,rain,0.5034,True,3.1794,human,1.0,1.9978,hvac,0.9968,3.5115,rain,1.0,0.0022,genuine,0.0
rasa_Hindi_Male_037_multi_no_hu_no_ou.wav,s1=human; s3=outdoor,True,2,human,4.2482,True,0.5651,genuine,0.0,4895.6258,human,1.0,1.4349,genuine,0.0,744.2157,outdoor,1.0
rasa_Hindi_Male_037_multi_no_no_ra_no.wav,s2=rain,True,1,rain,8.0263,True,0.3125,genuine,0.0,1.7837,genuine,0.0,3059.5066,rain,1.0,1.6875,genuine,0.0
rasa_Hindi_Male_037_multi_no_ou_no_no.wav,s1=outdoor,True,2,outdoor,3.425,True,0.5651,genuine,0.0,759.0323,outdoor,1.0,1.4349,genuine,0.0,3.0518,crowd,0.2252
rasa_Hindi_Male_038_multi_cr_no_no_no.wav,s0=crowd,True,2,crowd,3.8219,True,2086.6287,crowd,1.0,1.458,genuine,0.0,2.8788,rain,1.0,0.542,genuine,0.0
rasa_Hindi_Male_038_multi_no_no_no_cr.wav,s3=crowd,True,2,crowd,2.9717,True,0.8587,genuine,0.0,1.1413,genuine,0.0,2.2535,rain,1.0,380.226,crowd,1.0
rasa_Hindi_Male_038_multi_no_no_no_wn.wav,s3=white_noise,True,2,white_noise,3.8081,True,0.8587,genuine,0.0,1.1413,genuine,0.0,2.2535,rain,1.0,2029.7255,white_noise,1.0
rasa_Hindi_Male_038_multi_ra_no_wn_hv.wav,s0=rain; s2=white_noise; s3=hvac,True,3,rain,0.7789,True,9.3475,rain,1.0,0.0043,genuine,0.0,4.837,white_noise,1.0,1.9957,hvac,1.0
rasa_Hindi_Male_039_multi_no_no_ra_no.wav,s2=rain,True,2,rain,4.1253,True,1.0944,genuine,0.0,0.9056,genuine,0.0,3828.7921,rain,1.0,2.5942,crowd,1.0
rasa_Hindi_Male_039_multi_no_wn_no_no.wav,s1=white_noise,True,2,white_noise,3.8734,True,1.2016,genuine,0.0,2313.2458,white_noise,1.0,0.7984,genuine,0.0,2.8483,hvac,0.9997
rasa_Hindi_Male_039_multi_ou_cr_hv_no.wav,s0=outdoor; s1=crowd; s2=hvac,True,3,crowd,0.6679,True,1.9885,outdoor,1.0,6.4162,crowd,1.0,2.115,hvac,1.0,0.0115,genuine,0.0
rasa_Hindi_Male_039_multi_ou_no_hu_no.wav,s0=outdoor; s2=human,True,2,human,3.6407,True,144.2003,outdoor,1.0,0.5175,genuine,0.0,1452.0738,human,1.0,1.4825,genuine,0.0
rasa_Hindi_Male_040_multi_hu_no_hv_wn.wav,s0=human; s2=hvac; s3=white_noise,True,3,human,0.8629,True,12.3126,human,1.0,0.0128,genuine,0.0,1.9872,hvac,1.0,10.3877,white_noise,1.0
rasa_Hindi_Male_040_multi_no_no_no_hv.wav,s3=hvac,True,2,hvac,3.4949,True,0.7779,genuine,0.0,5.5865,rain,0.9998,1.2221,genuine,0.0,1084.4575,hvac,1.0
rasa_Hindi_Male_040_multi_wn_hu_no_ou.wav,s0=white_noise; s1=human; s3=outdoor,True,3,human,1.2949,True,11.6687,white_noise,1.0,15.2297,human,1.0,0.0027,genuine,0.0,1.9973,human,1.0
rasa_Hindi_Male_040_multi_wn_ou_no_hv.wav,s0=white_noise; s1=outdoor; s3=hvac,True,3,white_noise,0.802,True,10.0893,white_noise,1.0,1.9977,outdoor,1.0,0.0023,genuine,0.0,2.1599,hvac,1.0
rasa_Hindi_Male_041_multi_cr_no_hv_wn.wav,s0=crowd; s2=hvac; s3=white_noise,True,3,white_noise,1.2313,True,1.9876,crowd,0.9986,0.0124,genuine,0.0,4.3849,hvac,1.0,39.1871,white_noise,1.0
rasa_Hindi_Male_041_multi_hv_ra_ou_no.wav,s0=hvac; s1=rain; s2=outdoor,True,3,rain,1.1992,True,1.9773,hvac,1.0,35.5107,rain,1.0,4.981,outdoor,1.0,0.0227,genuine,0.0
rasa_Hindi_Male_041_multi_ou_wn_no_no.wav,s0=outdoor; s1=white_noise,True,2,white_noise,3.6647,True,137.054,outdoor,1.0,1523.5402,white_noise,1.0,0.7534,genuine,0.0,1.2466,genuine,0.0
rasa_Hindi_Male_041_multi_ra_no_no_no.wav,s0=rain,True,2,rain,4.0492,True,1084.7007,rain,1.0,0.7736,genuine,0.0,1.2264,genuine,0.0,2.0294,rain,1.0
rasa_Hindi_Male_042_multi_hu_cr_hv_no.wav,s0=human; s1=crowd; s2=hvac,True,3,human,0.8499,True,11.8043,human,1.0,7.2269,crowd,1.0,1.9966,hvac,1.0,0.0034,genuine,0.0
rasa_Hindi_Male_042_multi_hu_no_cr_no.wav,s0=human; s2=crowd,True,2,human,3.9596,True,2748.3952,human,1.0,1.2618,genuine,0.0,246.4376,crowd,1.0,0.7382,genuine,0.0
rasa_Hindi_Male_042_multi_hu_no_no_no.wav,s0=human,True,2,human,4.3544,True,6054.8542,human,1.0,2.8228,crowd,1.0,0.3486,genuine,0.0,1.6514,genuine,0.0
rasa_Hindi_Male_042_multi_ou_ra_cr_no.wav,s0=outdoor; s1=rain; s2=crowd,True,3,rain,0.9542,True,3.6821,human,0.2655,14.6083,rain,1.0,1.9961,crowd,1.0,0.0039,genuine,0.0
rasa_Hindi_Male_043_multi_cr_no_no_wn.wav,s0=crowd; s3=white_noise,True,2,white_noise,3.8707,True,1870.0197,hvac,1.0,1.0726,genuine,0.0,0.9274,genuine,0.0,2300.7048,white_noise,1.0
rasa_Hindi_Male_043_multi_hv_no_no_wn.wav,s0=hvac; s3=white_noise,True,2,white_noise,3.8666,True,615.3181,hvac,1.0,1.0726,genuine,0.0,0.9274,genuine,0.0,2281.974,white_noise,1.0
rasa_Hindi_Male_043_multi_no_no_wn_no.wav,s2=white_noise,True,1,white_noise,7.5039,True,1.6707,genuine,0.0,0.9024,genuine,0.0,1814.1791,white_noise,1.0,1.0976,genuine,0.0
rasa_Hindi_Male_043_multi_no_ou_ra_cr.wav,s1=outdoor; s2=rain; s3=crowd,True,3,rain,0.8578,True,0.0085,genuine,0.0,1.9915,outdoor,1.0,13.0441,rain,0.974,3.6242,crowd,1.0
rasa_Hindi_Male_044_multi_no_hu_ou_no.wav,s1=human; s2=outdoor,True,2,human,4.0396,True,1.3527,genuine,0.0,3225.432,human,1.0,1527.0016,outdoor,1.0,0.6473,genuine,0.0
rasa_Hindi_Male_044_multi_no_no_no_ou.wav,s3=outdoor,True,2,outdoor,2.7301,True,0.8061,genuine,0.0,1.1939,genuine,0.0,2.1075,human,0.3413,218.7974,outdoor,1.0
rasa_Hindi_Male_044_multi_ou_hv_hu_no.wav,s0=outdoor; s1=hvac; s2=human,True,3,human,1.0343,True,1.9973,outdoor,1.0,2.8746,hvac,1.0,21.26,human,1.0,0.0027,genuine,0.0
rasa_Hindi_Male_044_multi_wn_cr_no_hv.wav,s0=white_noise; s1=crowd; s3=hvac,True,3,white_noise,0.7049,True,7.2861,white_noise,1.0,4.9124,crowd,1.0,0.012,genuine,0.0,1.988,hvac,1.0
rasa_Hindi_Male_045_multi_hu_hv_no_ra.wav,s0=human; s1=hvac; s3=rain,True,3,rain,0.7001,True,5.9207,outdoor,0.9617,1.9971,hvac,1.0,0.0029,genuine,0.0,7.1679,rain,1.0
rasa_Hindi_Male_045_multi_no_no_hv_no.wav,s2=hvac,True,2,hvac,3.1426,True,1.7179,genuine,0.0,3.4063,crowd,1.0,535.5551,hvac,1.0,0.2821,genuine,0.0
rasa_Hindi_Male_045_multi_no_wn_hu_no.wav,s1=white_noise; s2=human,True,2,white_noise,4.065,True,1.7179,genuine,0.0,3393.4636,white_noise,1.0,2920.0641,human,1.0,0.2821,genuine,0.0
rasa_Hindi_Male_045_multi_ou_no_hv_wn.wav,s0=outdoor; s2=hvac; s3=white_noise,True,3,white_noise,0.6985,True,2.0093,outdoor,1.0,0.0118,genuine,0.0,1.9882,hvac,1.0,7.1299,white_noise,1.0
rasa_Hindi_Male_046_multi_hu_no_cr_wn.wav,s0=human; s2=crowd; s3=white_noise,True,3,human,0.5384,True,4.0282,human,1.0,0.0001,genuine,0.0,1.9999,hvac,1.0,2.0225,white_noise,1.0
rasa_Hindi_Male_046_multi_no_hv_cr_no.wav,s1=hvac; s2=crowd,True,2,crowd,2.947,True,1.2317,genuine,0.0,231.8537,rain,1.0,361.8583,crowd,1.0,0.7683,genuine,0.0
rasa_Hindi_Male_046_multi_no_ra_hu_no.wav,s1=rain; s2=human,True,2,rain,3.8206,True,1.2317,genuine,0.0,2081.1038,rain,1.0,1770.5429,human,1.0,0.7683,genuine,0.0
rasa_Hindi_Male_046_multi_no_ra_ou_hv.wav,s1=rain; s2=outdoor; s3=hvac,True,3,rain,0.926,True,0.0113,genuine,0.0,15.0883,rain,1.0,3.3203,outdoor,1.0,1.9887,hvac,1.0
rasa_Hindi_Male_047_multi_cr_no_hu_wn.wav,s0=crowd; s2=human; s3=white_noise,True,3,white_noise,0.6629,True,1.9982,hvac,0.6399,0.0018,genuine,0.0,3.0211,outdoor,0.979,6.3057,white_noise,1.0
rasa_Hindi_Male_047_multi_no_hu_cr_wn.wav,s1=human; s2=crowd; s3=white_noise,True,3,white_noise,0.6334,True,0.0006,genuine,0.0,4.2453,human,1.0,1.9994,hvac,1.0,5.6869,white_noise,1.0
rasa_Hindi_Male_047_multi_no_no_no_ra.wav,s3=rain,True,1,rain,8.8889,True,0.5689,genuine,0.0,1.4311,genuine,0.0,1.7675,genuine,0.0,7249.9393,rain,1.0
rasa_Hindi_Male_047_multi_ou_wn_no_no.wav,s0=outdoor; s1=white_noise,True,2,white_noise,3.7542,True,359.4085,outdoor,1.0,1822.3316,white_noise,1.0,0.8944,genuine,0.0,1.1056,genuine,0.0
rasa_Hindi_Male_048_multi_hu_no_no_no.wav,s0=human,True,2,human,4.1257,True,3958.1938,human,0.9961,0.3024,genuine,0.0,5.7301,hvac,1.0,1.6976,genuine,0.0
rasa_Hindi_Male_048_multi_no_cr_no_no.wav,s1=crowd,True,2,crowd,3.2032,True,1.3203,genuine,0.0,604.6609,crowd,1.0,2.2944,rain,0.998,0.6797,genuine,0.0
rasa_Hindi_Male_048_multi_no_no_ra_no.wav,s2=rain,True,2,hvac,4.2767,False,3.2973,crowd,1.0,0.3024,genuine,0.0,5182.8821,hvac,1.0,1.6976,genuine,0.0
rasa_Hindi_Male_049_multi_hu_ou_no_no.wav,s0=human; s1=outdoor,True,2,human,3.9877,True,2907.5635,human,1.0,257.3193,outdoor,1.0,1.5761,genuine,0.0,0.4239,genuine,0.0
rasa_Hindi_Male_049_multi_no_no_no_ra.wav,s3=rain,True,1,rain,7.8653,True,1.2588,genuine,0.0,0.7985,genuine,0.0,1.2015,genuine,0.0,2604.3429,rain,1.0
rasa_Hindi_Male_049_multi_no_ra_hu_wn.wav,s1=rain; s2=human; s3=white_noise,True,3,rain,0.4674,True,0.0016,genuine,0.0,3.0643,rain,1.0,2.39,human,1.0,1.9984,white_noise,1.0
rasa_Hindi_Male_049_multi_no_ra_no_no.wav,s1=rain,True,1,rain,8.1926,True,1.6512,genuine,0.0,3613.1896,rain,1.0,1.5761,genuine,0.0,0.4239,genuine,0.0
rasa_Hindi_Male_050_multi_cr_no_no_wn.wav,s0=crowd; s3=white_noise,True,2,white_noise,3.7114,True,1095.8886,crowd,1.0,1.0174,genuine,0.0,0.9826,genuine,0.0,1672.8093,white_noise,1.0
rasa_Hindi_Male_050_multi_hu_ra_cr_no.wav,s0=human; s1=rain; s2=crowd,True,3,human,0.7819,True,9.4404,human,1.0,7.2326,rain,1.0,1.9957,crowd,1.0,0.0043,genuine,0.0
rasa_Hindi_Male_050_multi_no_no_hu_no.wav,s2=human,True,1,human,7.9411,True,0.6905,genuine,0.0,1.7568,genuine,0.0,2809.4997,human,1.0,1.3095,genuine,0.0
rasa_Hindi_Male_050_multi_ou_no_wn_no.wav,s0=outdoor; s2=white_noise,True,2,white_noise,3.7686,True,340.5514,outdoor,1.0,1.1459,genuine,0.0,1875.6394,white_noise,1.0,0.8541,genuine,0.0
rasa_Hindi_Male_051_multi_hu_no_no_no.wav,s0=human,True,2,human,1.9811,True,2401.4068,human,0.509,0.8616,genuine,0.0,4.5535,hvac,0.9957,1.1384,genuine,0.0
rasa_Hindi_Male_051_multi_no_no_no_ra.wav,s3=rain,True,2,rain,4.2254,True,0.8366,genuine,0.0,1.1634,genuine,0.0,6.1483,hvac,0.9999,4677.0501,rain,1.0
rasa_Hindi_Male_051_multi_no_ra_no_hv.wav,s1=rain; s3=hvac,True,2,rain,3.6598,True,0.2396,genuine,0.0,1508.7495,rain,1.0,1.7604,genuine,0.0,298.199,hvac,1.0
rasa_Hindi_Male_051_multi_wn_no_hu_no.wav,s0=white_noise; s2=human,True,2,human,4.0998,True,2205.2205,white_noise,1.0,0.8616,genuine,0.0,3638.6859,human,1.0,1.1384,genuine,0.0
rasa_Hindi_Male_052_multi_hv_no_wn_ra.wav,s0=hvac; s2=white_noise; s3=rain,True,3,rain,0.7747,True,1.9963,hvac,1.0,0.0037,genuine,0.0,5.0223,white_noise,1.0,9.2175,rain,1.0
rasa_Hindi_Male_052_multi_no_cr_ra_ou.wav,s1=crowd; s2=rain; s3=outdoor,True,3,outdoor,1.1635,True,0.0087,genuine,0.0,1.9913,crowd,1.0,8.4931,outdoor,1.0,2.4557,outdoor,1.0
rasa_Hindi_Male_052_multi_no_no_ou_hv.wav,s2=outdoor; s3=hvac,True,2,outdoor,2.8506,True,1.2488,genuine,0.0,0.7512,genuine,0.0,298.2076,outdoor,1.0,284.014,hvac,1.0
rasa_Hindi_Male_052_multi_no_ou_wn_hv.wav,s1=outdoor; s2=white_noise; s3=hvac,True,3,white_noise,0.6771,True,0.0081,genuine,0.0,3.9143,outdoor,1.0,6.6233,white_noise,1.0,1.9919,hvac,1.0
rasa_Hindi_Male_053_multi_cr_wn_hu_no.wav,s0=crowd; s1=white_noise; s2=human,True,3,white_noise,0.569,True,1.9988,hvac,0.9999,4.512,white_noise,1.0,3.719,human,1.0,0.0012,genuine,0.0
rasa_Hindi_Male_053_multi_hu_no_ra_no.wav,s0=human; s2=rain,True,2,rain,3.913,True,1875.3227,human,1.0,1.2868,genuine,0.0,2503.7536,rain,1.0,0.7132,genuine,0.0
rasa_Hindi_Male_053_multi_no_hu_cr_ra.wav,s1=human; s2=crowd; s3=rain,True,3,human,0.531,True,0.0012,genuine,0.0,3.9183,human,1.0,1.9988,hvac,1.0,2.1406,rain,1.0
rasa_Hindi_Male_053_multi_ra_no_no_ou.wav,s0=rain; s3=outdoor,True,2,rain,3.7398,True,1770.523,rain,1.0,1.0954,genuine,0.0,0.9046,genuine,0.0,276.7703,outdoor,1.0
rasa_Hindi_Male_054_multi_cr_no_no_hu.wav,s0=crowd; s3=human,True,2,human,3.4944,True,307.8287,crowd,1.0,0.6676,genuine,0.0,1.3324,genuine,0.0,1083.5058,human,1.0
rasa_Hindi_Male_054_multi_no_no_no_ou.wav,s3=outdoor,True,2,outdoor,3.131,True,0.7495,genuine,0.0,1.2505,genuine,0.0,2.496,crowd,1.0,523.296,outdoor,1.0
rasa_Hindi_Male_054_multi_no_no_ou_hu.wav,s2=outdoor; s3=human,True,2,outdoor,5.3258,True,0.7495,genuine,0.0,1.2505,genuine,0.0,720.1971,outdoor,1.0,2409.9036,outdoor,0.5227
rasa_Hindi_Male_054_multi_no_wn_ou_hu.wav,s1=white_noise; s2=outdoor; s3=human,True,3,outdoor,0.6215,True,0.0021,genuine,0.0,4.1502,white_noise,1.0,1.9979,outdoor,1.0,6.4141,human,0.6173
rasa_Hindi_Male_055_multi_cr_no_wn_no.wav,s0=crowd; s2=white_noise,True,2,white_noise,4.3179,True,1772.2747,crowd,1.0,0.9323,genuine,0.0,5628.7402,white_noise,1.0,1.0677,genuine,0.0
rasa_Hindi_Male_055_multi_hv_no_hu_ou.wav,s0=hvac; s2=human; s3=outdoor,True,3,human,0.7644,True,1.9984,hvac,1.0,0.0016,genuine,0.0,10.3351,human,0.9445,2.4481,outdoor,1.0
rasa_Hindi_Male_055_multi_no_no_wn_no.wav,s2=white_noise,True,2,white_noise,4.3206,True,11.4826,crowd,1.0,0.9323,genuine,0.0,5659.4084,white_noise,1.0,1.0677,genuine,0.0
rasa_Hindi_Male_055_multi_ra_no_hu_wn.wav,s0=rain; s2=human; s3=white_noise,True,3,rain,0.5135,True,3.6673,rain,1.0,0.0004,genuine,0.0,2.5901,human,0.8216,1.9996,white_noise,1.0
rasa_Hindi_Male_056_multi_no_hu_no_no.wav,s1=human,True,2,human,4.8133,True,17.9632,crowd,1.0,15161.8472,human,1.0,0.6039,genuine,0.0,1.3961,genuine,0.0
rasa_Hindi_Male_056_multi_no_hv_no_no.wav,s1=hvac,True,2,crowd,5.5,False,17.9632,crowd,1.0,3156.638,crowd,1.0,0.6039,genuine,0.0,1.3961,genuine,0.0
rasa_Hindi_Male_056_multi_no_wn_no_hv.wav,s1=white_noise; s3=hvac,True,3,white_noise,2.4476,True,1.935,crowd,1.0,1543.8261,white_noise,1.0,0.065,genuine,0.0,372.3548,rain,1.0
rasa_Hindi_Male_056_multi_ra_cr_no_no.wav,s0=rain; s1=crowd,True,2,rain,4.9407,True,19561.6433,rain,1.0,1720.3969,crowd,1.0,0.6039,genuine,0.0,1.3961,genuine,0.0
rasa_Hindi_Male_057_multi_no_hv_cr_no.wav,s1=hvac; s2=crowd,True,2,crowd,6.3781,True,1.2297,genuine,0.0,418.5618,crowd,1.0,825.2767,crowd,1.0,0.7703,genuine,0.0
rasa_Hindi_Male_057_multi_no_hv_hu_cr.wav,s1=hvac; s2=human; s3=crowd,True,3,hvac,1.0153,True,0.0054,genuine,0.0,1.9946,hvac,1.0,12.5349,human,1.0,6.0233,hvac,0.9999
rasa_Hindi_Male_057_multi_no_ou_hu_no.wav,s1=outdoor; s2=human,True,2,human,3.9575,True,1.2297,genuine,0.0,322.5483,outdoor,1.0,2737.278,human,1.0,0.7703,genuine,0.0
rasa_Hindi_Male_057_multi_ou_no_no_no.wav,s0=outdoor,True,1,outdoor,5.8119,True,333.244,outdoor,1.0,1.5356,genuine,0.0,1.7839,genuine,0.0,0.4644,genuine,0.0
rasa_Hindi_Male_058_multi_cr_no_no_no.wav,s0=crowd,True,2,crowd,4.2833,True,1764.0392,crowd,1.0,0.7823,genuine,0.0,1.2177,genuine,0.0,1.9763,crowd,1.0
rasa_Hindi_Male_058_multi_hv_ou_no_no.wav,s0=hvac; s1=outdoor,True,2,hvac,3.4963,True,562.5873,hvac,1.0,440.0492,white_noise,0.2302,0.7625,genuine,0.0,1.2375,genuine,0.0
rasa_Hindi_Male_058_multi_hv_ra_no_wn.wav,s0=hvac; s1=rain; s3=white_noise,True,3,rain,0.8106,True,1.9971,hvac,1.0,10.3792,rain,1.0,0.0029,genuine,0.0,9.4999,white_noise,1.0
rasa_Hindi_Male_058_multi_no_ou_no_no.wav,s1=outdoor,True,2,crowd,1.2852,False,3.3915,crowd,1.0,556.5366,white_noise,0.2276,0.7625,genuine,0.0,1.2375,genuine,0.0
rasa_Hindi_Male_059_multi_cr_no_ra_wn.wav,s0=crowd; s2=rain; s3=white_noise,True,3,rain,0.665,True,2.7324,crowd,1.0,0.0057,genuine,0.0,6.3516,rain,1.0,1.9943,white_noise,1.0
rasa_Hindi_Male_059_multi_no_no_hu_wn.wav,s2=human; s3=white_noise,True,2,human,3.6493,True,0.2508,genuine,0.0,1.7492,genuine,0.0,1477.1411,human,1.0,592.0897,white_noise,1.0
rasa_Hindi_Male_059_multi_no_ou_hu_no.wav,s1=outdoor; s2=human,True,2,human,4.3429,True,0.9497,genuine,0.0,2195.0963,outdoor,1.0,5916.7274,human,1.0,1.0503,genuine,0.0
rasa_Hindi_Male_059_multi_no_wn_hu_ou.wav,s1=white_noise; s2=human; s3=outdoor,True,3,white_noise,1.4347,True,0.0088,genuine,0.0,73.0051,white_noise,1.0,52.7751,human,1.0,1.9912,outdoor,1.0
rasa_Hindi_Male_060_multi_hv_wn_hu_no.wav,s0=hvac; s1=white_noise; s2=human,True,3,human,0.8764,True,1.9947,hvac,1.0,8.8087,white_noise,1.0,12.8635,human,1.0,0.0053,genuine,0.0
rasa_Hindi_Male_060_multi_no_hv_no_no.wav,s1=hvac,True,1,hvac,6.3662,True,0.5647,genuine,0.0,580.828,hvac,1.0,1.4353,genuine,0.0,1.5258,genuine,0.0
rasa_Hindi_Male_060_multi_no_no_hu_cr.wav,s2=human; s3=crowd,True,2,human,4.4644,True,1.1506,genuine,0.0,0.8494,genuine,0.0,7544.5158,human,1.0,1166.9696,crowd,1.0
rasa_Hindi_Male_060_multi_ra_no_no_ou.wav,s0=rain; s3=outdoor,True,2,rain,4.5653,True,5018.1529,rain,1.0,0.4502,genuine,0.0,1.5498,genuine,0.0,1225.7438,human,0.2653
rasa_Hindi_Male_061_multi_cr_no_hu_no.wav,s0=crowd; s2=human,True,2,human,4.1805,True,340.6236,crowd,0.9845,0.7379,genuine,0.0,4206.6044,human,1.0,1.2621,genuine,0.0
rasa_Hindi_Male_061_multi_no_hu_no_no.wav,s1=human,True,2,human,4.0822,True,2.1992,crowd,1.0,3512.9482,human,1.0,0.9856,genuine,0.0,1.0144,genuine,0.0
rasa_Hindi_Male_061_multi_no_ra_no_no.wav,s1=rain,True,2,rain,4.1978,True,2.1992,crowd,1.0,4426.6841,rain,1.0,0.9856,genuine,0.0,1.0144,genuine,0.0
rasa_Hindi_Male_061_multi_wn_no_ou_hv.wav,s0=white_noise; s2=outdoor; s3=hvac,True,3,white_noise,0.8102,True,10.3654,white_noise,1.0,0.0031,genuine,0.0,2.9164,outdoor,1.0,1.9969,hvac,1.0
rasa_Hindi_Male_062_multi_cr_no_ou_hu.wav,s0=crowd; s2=outdoor; s3=human,True,3,human,1.1539,True,4.8107,hvac,1.0,0.0028,genuine,0.0,1.9972,human,1.0,9.6333,human,1.0
rasa_Hindi_Male_062_multi_ou_cr_no_hv.wav,s0=outdoor; s1=crowd; s3=hvac,True,3,hvac,1.1612,True,1.9966,human,0.2578,6.545,hvac,0.9993,0.0034,genuine,0.0,2.6391,hvac,1.0
rasa_Hindi_Male_062_multi_ou_no_hu_no.wav,s0=outdoor; s2=human,True,2,human,7.1587,True,549.5795,human,1.0,1.1744,genuine,0.0,2999.2644,human,1.0,0.8256,genuine,0.0
rasa_Hindi_Male_062_multi_wn_no_hu_no.wav,s0=white_noise; s2=human,True,2,white_noise,4.0923,True,3584.3307,white_noise,1.0,1.1744,genuine,0.0,3187.1603,human,1.0,0.8256,genuine,0.0
rasa_Hindi_Male_063_multi_no_hv_ou_cr.wav,s1=hvac; s2=outdoor; s3=crowd,True,3,crowd,1.1274,True,0.0088,genuine,0.0,1.9912,hvac,1.0,6.7018,outdoor,1.0,28.4313,crowd,1.0
rasa_Hindi_Male_063_multi_ou_no_no_no.wav,s0=outdoor,True,1,outdoor,6.3366,True,563.8703,outdoor,1.0,1.3675,genuine,0.0,0.712,genuine,0.0,1.288,genuine,0.0
rasa_Hindi_Male_063_multi_ra_no_ou_hv.wav,s0=rain; s2=outdoor; s3=hvac,True,3,rain,0.8709,True,11.6319,rain,1.0,0.0048,genuine,0.0,1.9952,human,0.3047,2.6022,crowd,1.0
rasa_Hindi_Male_063_multi_wn_cr_no_hv.wav,s0=white_noise; s1=crowd; s3=hvac,True,3,white_noise,0.7989,True,9.9853,white_noise,1.0,1.9971,rain,1.0,0.0029,genuine,0.0,2.6972,hvac,1.0
rasa_Hindi_Male_064_multi_no_no_cr_hv.wav,s2=crowd; s3=hvac,True,2,crowd,3.8251,True,0.5424,genuine,0.0,1.4576,genuine,0.0,2099.9767,crowd,1.0,652.6599,hvac,1.0
rasa_Hindi_Male_064_multi_no_no_ra_hu.wav,s2=rain; s3=human,True,2,rain,4.2159,True,0.5424,genuine,0.0,1.4576,genuine,0.0,4590.084,rain,1.0,3210.0837,human,1.0
rasa_Hindi_Male_064_multi_no_wn_hu_ra.wav,s1=white_noise; s2=human; s3=rain,True,3,rain,0.3906,True,0.0003,genuine,0.0,2.065,white_noise,1.0,1.9997,human,1.0,2.2279,rain,1.0
rasa_Hindi_Male_064_multi_ou_ra_no_cr.wav,s0=outdoor; s1=rain; s3=crowd,True,3,rain,1.082,True,4.3742,outdoor,1.0,24.6902,rain,1.0,0.0107,genuine,0.0,1.9893,crowd,1.0
rasa_Hindi_Male_065_multi_cr_wn_no_hv.wav,s0=crowd; s1=white_noise; s3=hvac,True,3,rain,0.7448,False,8.3403,rain,1.0,6.7864,white_noise,1.0,0.0022,genuine,0.0,1.9978,hvac,1.0
rasa_Hindi_Male_065_multi_hv_no_cr_ou.wav,s0=hvac; s2=crowd; s3=outdoor,True,3,outdoor,0.4689,True,2.432,hvac,1.0,0.0013,genuine,0.0,1.9987,crowd,1.0,3.083,outdoor,1.0
rasa_Hindi_Male_065_multi_no_no_cr_hv.wav,s2=crowd; s3=hvac,True,2,crowd,3.9073,True,1.5918,genuine,0.0,0.4082,genuine,0.0,2475.3446,crowd,1.0,1053.2944,hvac,1.0
rasa_Hindi_Male_065_multi_no_ou_no_no.wav,s1=outdoor,True,2,outdoor,3.278,True,1.3437,genuine,0.0,586.0975,outdoor,1.0,0.6563,genuine,0.0,1.9179,human,0.2246
rasa_Hindi_Male_066_multi_hu_no_no_no.wav,s0=human,True,2,human,4.27,True,5114.47,human,1.0,1.1135,genuine,0.0,2.7097,crowd,1.0,0.8865,genuine,0.0
rasa_Hindi_Male_066_multi_hv_no_no_no.wav,s0=hvac,True,2,rain,3.4221,False,937.3982,rain,1.0,1.1135,genuine,0.0,2.7097,crowd,1.0,0.8865,genuine,0.0
rasa_Hindi_Male_066_multi_no_cr_no_no.wav,s1=crowd,True,2,crowd,3.8279,True,1.1498,genuine,0.0,586.1242,crowd,1.0,2.5988,crowd,1.0,0.8502,genuine,0.0
rasa_Hindi_Male_066_multi_no_wn_ou_no.wav,s1=white_noise; s2=outdoor,True,2,white_noise,3.8594,True,1.1498,genuine,0.0,2249.2515,white_noise,1.0,1093.2829,outdoor,1.0,0.8502,genuine,0.0
rasa_Hindi_Male_067_multi_hv_no_no_no.wav,s0=hvac,True,1,hvac,5.5726,True,262.1199,hvac,1.0,1.5626,genuine,0.0,0.6803,genuine,0.0,1.3197,genuine,0.0
rasa_Hindi_Male_067_multi_no_no_hu_no.wav,s2=human,True,1,outdoor,6.7012,False,0.6423,genuine,0.0,1.6076,genuine,0.0,814.0432,outdoor,0.9997,1.3577,genuine,0.0
rasa_Hindi_Male_067_multi_no_no_ra_hv.wav,s2=rain; s3=hvac,True,2,rain,6.2542,True,0.5709,genuine,0.0,1.4291,genuine,0.0,949.2573,rain,1.0,283.7702,rain,1.0
rasa_Hindi_Male_067_multi_no_no_wn_no.wav,s2=white_noise,True,1,white_noise,6.745,True,0.6423,genuine,0.0,1.6076,genuine,0.0,848.8337,white_noise,1.0,1.3577,genuine,0.0
rasa_Hindi_Male_068_multi_hu_no_no_ra.wav,s0=human; s3=rain,True,2,rain,4.381,True,3123.3389,human,1.0,1.2299,genuine,0.0,0.7701,genuine,0.0,6385.7063,rain,1.0
rasa_Hindi_Male_068_multi_hu_no_ra_no.wav,s0=human; s2=rain,True,2,rain,3.9369,True,1982.1236,human,0.9993,0.8393,genuine,0.0,2626.3783,rain,1.0,1.1607,genuine,0.0
rasa_Hindi_Male_068_multi_no_cr_hv_ou.wav,s1=crowd; s2=hvac; s3=outdoor,True,3,crowd,0.8331,True,0.0017,genuine,0.0,11.1748,crowd,1.0,1.9983,hvac,1.0,3.136,outdoor,1.0
rasa_Hindi_Male_068_multi_no_no_ou_no.wav,s2=outdoor,True,2,outdoor,3.3642,True,0.5769,genuine,0.0,1.4231,genuine,0.0,834.8331,outdoor,1.0,1.9681,crowd,1.0
rasa_Hindi_Male_069_multi_hu_ou_no_hv.wav,s0=human; s1=outdoor; s3=hvac,True,3,human,1.0192,True,20.2742,human,1.0,1.9872,outdoor,1.0,0.0128,genuine,0.0,3.4129,hvac,1.0
rasa_Hindi_Male_069_multi_no_cr_no_no.wav,s1=crowd,True,2,hvac,3.6692,False,1.5088,genuine,0.0,1537.395,hvac,1.0,2.1302,rain,1.0,0.4912,genuine,0.0
rasa_Hindi_Male_069_multi_no_no_wn_ra.wav,s2=white_noise; s3=rain,True,2,rain,3.9561,True,1.1949,genuine,0.0,0.8051,genuine,0.0,2370.2471,white_noise,1.0,2729.5767,rain,1.0
rasa_Hindi_Male_069_multi_ra_no_hv_no.wav,s0=rain; s2=hvac,True,2,rain,4.3083,True,5521.7399,rain,1.0,1.3485,genuine,0.0,784.8532,hvac,1.0,0.6515,genuine,0.0
rasa_Hindi_Male_070_multi_no_cr_no_hv.wav,s1=crowd; s3=hvac,True,2,hvac,7.8222,True,1.4518,genuine,0.0,5748.18,hvac,1.0,0.5482,genuine,0.0,1082.0685,hvac,1.0
rasa_Hindi_Male_070_multi_no_no_ra_hu.wav,s2=rain; s3=human,True,2,rain,3.8751,True,0.4818,genuine,0.0,1.5182,genuine,0.0,2326.3778,rain,0.9997,1858.2959,human,1.0
rasa_Hindi_Male_070_multi_no_ra_ou_no.wav,s1=rain; s2=outdoor,True,2,rain,4.2486,True,0.5341,genuine,0.0,4900.2944,rain,1.0,440.5924,outdoor,1.0,1.4659,genuine,0.0
rasa_Hindi_Male_070_multi_wn_ou_hu_no.wav,s0=white_noise; s1=outdoor; s2=human,True,3,white_noise,0.7361,True,8.1015,white_noise,1.0,1.9955,outdoor,1.0,6.6146,human,1.0,0.0045,genuine,0.0
rasa_Hindi_Male_071_multi_cr_no_wn_hv.wav,s0=crowd; s2=white_noise; s3=hvac,True,3,white_noise,0.7721,True,1.9992,crowd,1.0,0.0008,genuine,0.0,9.1392,white_noise,1.0,2.2691,hvac,1.0
rasa_Hindi_Male_071_multi_cr_ra_no_no.wav,s0=crowd; s1=rain,True,2,rain,4.1504,True,2347.9699,crowd,1.0,4026.4335,rain,1.0,0.6134,genuine,0.0,1.3866,genuine,0.0
rasa_Hindi_Male_071_multi_no_no_no_hv.wav,s3=hvac,True,2,hvac,3.7507,True,3.1712,crowd,1.0,0.7345,genuine,0.0,1.2655,genuine,0.0,1809.5343,hvac,1.0
rasa_Hindi_Male_071_multi_ou_no_ra_wn.wav,s0=outdoor; s2=rain; s3=white_noise,True,3,rain,1.1336,True,1.9981,outdoor,1.0,0.0019,genuine,0.0,28.9864,rain,1.0,21.0136,white_noise,1.0
rasa_Hindi_Male_072_multi_no_no_cr_ra.wav,s2=crowd; s3=rain,True,2,rain,4.3659,True,0.8134,genuine,0.0,1.1866,genuine,0.0,4333.32,hvac,1.0,6195.9501,rain,1.0
rasa_Hindi_Male_072_multi_no_ou_no_cr.wav,s1=outdoor; s3=crowd,True,2,hvac,4.1244,False,0.5009,genuine,0.0,885.7822,human,0.2626,1.4991,genuine,0.0,1379.1645,hvac,1.0
rasa_Hindi_Male_072_multi_no_wn_cr_hv.wav,s1=white_noise; s2=crowd; s3=hvac,True,3,white_noise,1.0653,True,0.0021,genuine,0.0,23.429,white_noise,1.0,1.9979,crowd,1.0,2.9162,hvac,1.0
rasa_Hindi_Male_072_multi_no_wn_hv_hu.wav,s1=white_noise; s2=hvac; s3=human,True,3,white_noise,0.785,True,0.0008,genuine,0.0,9.5374,white_noise,1.0,1.9992,hvac,1.0,4.582,human,1.0
rasa_Hindi_Male_073_multi_hu_no_no_cr.wav,s0=human; s3=crowd,True,2,human,4.0478,True,3278.9383,human,1.0,0.8183,genuine,0.0,1.1817,genuine,0.0,825.9725,crowd,1.0
rasa_Hindi_Male_073_multi_hu_ra_no_hv.wav,s0=human; s1=rain; s3=hvac,True,3,rain,0.7661,True,8.4457,human,1.0,8.9565,rain,1.0,0.0028,genuine,0.0,1.9972,hvac,1.0
rasa_Hindi_Male_073_multi_no_hu_cr_wn.wav,s1=human; s2=crowd; s3=white_noise,True,3,white_noise,0.442,True,0.0007,genuine,0.0,2.1232,human,1.0,1.9993,crowd,1.0,2.7659,white_noise,1.0
rasa_Hindi_Male_073_multi_no_no_ou_no.wav,s2=outdoor,True,1,outdoor,6.8355,True,1.0463,genuine,0.0,0.9537,genuine,0.0,929.2801,outdoor,1.0,1.6863,genuine,0.0
rasa_Hindi_Male_074_multi_hv_no_ra_no.wav,s0=hvac; s2=rain,True,2,white_noise,4.6623,False,1336.1315,hvac,1.0,0.9724,genuine,0.0,11210.1135,white_noise,1.0,1.0276,genuine,0.0
rasa_Hindi_Male_074_multi_no_no_no_ou.wav,s3=outdoor,True,2,human,3.4954,False,1.44,genuine,0.0,0.56,genuine,0.0,2.3018,crowd,1.0,1085.6924,human,1.0
rasa_Hindi_Male_074_multi_no_no_wn_no.wav,s2=white_noise,True,2,white_noise,4.5662,True,2.5005,crowd,1.0,0.9724,genuine,0.0,9248.5279,white_noise,1.0,1.0276,genuine,0.0
rasa_Hindi_Male_074_multi_no_ou_wn_cr.wav,s1=outdoor; s2=white_noise; s3=crowd,True,3,white_noise,1.1529,True,0.0083,genuine,0.0,1.9917,outdoor,1.0,30.7745,white_noise,1.0,8.1679,crowd,1.0
rasa_Hindi_Male_075_multi_hu_ou_no_no.wav,s0=human; s1=outdoor,True,2,human,3.809,True,2033.4544,human,1.0,297.1553,outdoor,1.0,1.4786,genuine,0.0,0.5214,genuine,0.0
rasa_Hindi_Male_075_multi_hv_ou_no_no.wav,s0=hvac; s1=outdoor,True,2,hvac,2.9551,True,367.7512,hvac,1.0,107.3681,outdoor,1.0,1.4786,genuine,0.0,0.5214,genuine,0.0
rasa_Hindi_Male_075_multi_hv_ra_no_cr.wav,s0=hvac; s1=rain; s3=crowd,True,3,rain,1.0634,True,3.3063,hvac,1.0,23.2918,rain,1.0,0.0123,genuine,0.0,1.9877,crowd,1.0
rasa_Hindi_Male_075_multi_no_ou_no_no.wav,s1=outdoor,True,2,outdoor,3.1145,True,2.1624,crowd,1.0,506.517,outdoor,0.9999,1.4786,genuine,0.0,0.5214,genuine,0.0
rasa_Hindi_Male_076_multi_hu_ra_no_cr.wav,s0=human; s1=rain; s3=crowd,True,3,rain,0.5273,True,2.8889,human,1.0,3.8641,rain,1.0,0.0025,genuine,0.0,1.9975,hvac,1.0
rasa_Hindi_Male_076_multi_no_hu_no_no.wav,s1=human,True,2,human,3.705,True,0.6941,genuine,0.0,1651.5869,human,1.0,1.3059,genuine,0.0,2.6177,crowd,1.0
rasa_Hindi_Male_076_multi_no_no_no_cr.wav,s3=crowd,True,2,hvac,3.7877,False,1.179,genuine,0.0,0.821,genuine,0.0,2.218,crowd,1.0,1948.6632,hvac,1.0
rasa_Hindi_Male_076_multi_ou_no_no_ra.wav,s0=outdoor; s3=rain,True,2,rain,4.0493,True,289.2577,outdoor,1.0,0.5403,genuine,0.0,1.4597,genuine,0.0,3289.1163,rain,1.0
rasa_Hindi_Male_077_multi_no_hv_no_wn.wav,s1=hvac; s3=white_noise,True,2,white_noise,4.349,True,1.0327,genuine,0.0,1600.6969,hvac,1.0,0.9673,genuine,0.0,5990.1362,white_noise,1.0
rasa_Hindi_Male_077_multi_no_wn_hv_no.wav,s1=white_noise; s2=hvac,True,2,white_noise,4.1368,True,0.5616,genuine,0.0,3918.393,white_noise,1.0,1054.9223,hvac,1.0,1.4384,genuine,0.0
rasa_Hindi_Male_077_multi_no_wn_no_cr.wav,s1=white_noise; s3=crowd,True,2,white_noise,4.4601,True,1.0327,genuine,0.0,7480.6073,white_noise,1.0,0.9673,genuine,0.0,2720.0609,crowd,1.0
rasa_Hindi_Male_077_multi_ra_hv_cr_no.wav,s0=rain; s1=hvac; s2=crowd,True,3,rain,0.8776,True,12.9133,rain,1.0,1.9964,hvac,1.0,2.3117,crowd,1.0,0.0036,genuine,0.0
rasa_Hindi_Male_078_multi_cr_ra_no_no.wav,s0=crowd; s1=rain,True,2,rain,3.8837,True,417.6274,crowd,1.0,2361.4547,rain,1.0,1.3555,genuine,0.0,0.6445,genuine,0.0
rasa_Hindi_Male_078_multi_no_no_hv_no.wav,s2=hvac,True,1,hvac,7.1209,True,0.452,genuine,0.0,1.548,genuine,0.0,1236.505,hvac,1.0,1.7087,genuine,0.0
rasa_Hindi_Male_078_multi_ra_no_no_no.wav,s0=rain,True,2,rain,4.0508,True,3298.4745,rain,1.0,0.9506,genuine,0.0,2.2069,crowd,1.0,1.0494,genuine,0.0
rasa_Hindi_Male_078_multi_wn_no_no_no.wav,s0=white_noise,True,2,white_noise,3.9147,True,2512.3787,white_noise,1.0,0.9506,genuine,0.0,2.2069,crowd,1.0,1.0494,genuine,0.0
rasa_Hindi_Male_079_multi_no_no_hv_no.wav,s2=hvac,True,2,hvac,3.3508,True,3.9842,crowd,1.0,0.8673,genuine,0.0,812.6395,hvac,1.0,1.1327,genuine,0.0
rasa_Hindi_Male_079_multi_no_no_no_ou.wav,s3=outdoor,True,2,outdoor,3.2793,True,2.6295,crowd,1.0,0.5724,genuine,0.0,1.4276,genuine,0.0,704.2432,outdoor,1.0
rasa_Hindi_Male_079_multi_no_wn_cr_hv.wav,s1=white_noise; s2=crowd; s3=hvac,True,3,white_noise,0.8372,True,0.0103,genuine,0.0,11.3242,white_noise,1.0,6.8185,crowd,1.0,1.9897,hvac,1.0
rasa_Hindi_Male_079_multi_ou_no_cr_no.wav,s0=outdoor; s2=crowd,True,2,hvac,3.7927,False,1040.7411,outdoor,1.0,0.8673,genuine,0.0,1968.172,hvac,1.0,1.1327,genuine,0.0
rasa_Hindi_Male_080_multi_hu_cr_no_hv.wav,s0=human; s1=crowd; s3=hvac,True,3,human,0.8132,True,10.4677,human,1.0,4.2564,crowd,1.0,0.0006,genuine,0.0,1.9994,hvac,1.0
rasa_Hindi_Male_080_multi_no_hu_wn_no.wav,s1=human; s2=white_noise,True,2,human,4.3948,True,0.4317,genuine,0.0,6564.6387,human,1.0,3620.6418,white_noise,1.0,1.5683,genuine,0.0
rasa_Hindi_Male_080_multi_no_no_no_hv.wav,s3=hvac,True,2,hvac,3.8616,True,1.2629,genuine,0.0,7.2874,rain,1.0,0.7371,genuine,0.0,2259.1158,hvac,1.0
rasa_Hindi_Male_080_multi_wn_no_no_no.wav,s0=white_noise,True,2,white_noise,4.2198,True,4625.7174,white_noise,1.0,2.7373,rain,1.0,0.2769,genuine,0.0,1.7231,genuine,0.0
rasa_Hindi_Male_081_multi_no_cr_hu_ou.wav,s1=crowd; s2=human; s3=outdoor,True,3,hvac,0.5432,False,0.0022,genuine,0.0,4.1019,hvac,1.0,3.2296,human,1.0,1.9978,outdoor,1.0
rasa_Hindi_Male_081_multi_no_no_hv_no.wav,s2=hvac,True,1,hvac,5.4158,True,0.795,genuine,0.0,1.205,genuine,0.0,223.9226,hvac,1.0,1.6479,genuine,0.0
rasa_Hindi_Male_081_multi_no_no_no_hu.wav,s3=human,True,2,human,4.129,True,1.2217,genuine,0.0,1.8516,crowd,1.0,0.7783,genuine,0.0,3857.7543,human,1.0
rasa_Hindi_Male_081_multi_no_ou_hu_no.wav,s1=outdoor; s2=human,True,2,human,3.4358,True,0.6509,genuine,0.0,395.365,outdoor,1.0,963.415,human,1.0,1.3491,genuine,0.0
rasa_Hindi_Male_082_multi_cr_ou_no_no.wav,s0=crowd; s1=outdoor,True,2,crowd,3.6262,True,1410.5602,crowd,1.0,424.8691,outdoor,1.0,0.6282,genuine,0.0,1.3718,genuine,0.0
rasa_Hindi_Male_082_multi_no_cr_no_wn.wav,s1=crowd; s3=white_noise,True,2,crowd,3.6885,True,1.2522,genuine,0.0,1597.7968,crowd,1.0,0.7478,genuine,0.0,1046.6962,white_noise,1.0
rasa_Hindi_Male_082_multi_no_hu_ou_no.wav,s1=human; s2=outdoor,True,2,human,3.4473,True,0.868,genuine,0.0,1479.9976,human,0.9444,254.4699,outdoor,1.0,1.132,genuine,0.0
rasa_Hindi_Male_082_multi_no_no_no_hv.wav,s3=hvac,True,2,hvac,2.8719,True,1.2522,genuine,0.0,3.4918,crowd,1.0,0.7478,genuine,0.0,311.2229,hvac,1.0
rasa_Hindi_Male_083_multi_hu_no_no_ra.wav,s0=human; s3=rain,True,3,rain,2.7174,True,2493.0018,human,1.0,0.1011,genuine,0.0,1.8989,crowd,1.0,3470.1859,rain,1.0
rasa_Hindi_Male_083_multi_no_ou_hv_wn.wav,s1=outdoor; s2=hvac; s3=white_noise,True,3,white_noise,0.8366,True,0.0059,genuine,0.0,3.3285,outdoor,1.0,1.9941,hvac,1.0,11.3007,white_noise,1.0
rasa_Hindi_Male_083_multi_ou_no_no_wn.wav,s0=outdoor; s3=white_noise,True,3,white_noise,2.6377,True,669.1604,outdoor,1.0,0.1011,genuine,0.0,1.8989,crowd,1.0,2732.0457,white_noise,1.0
rasa_Hindi_Male_083_multi_ou_ra_hv_no.wav,s0=outdoor; s1=rain; s2=hvac,True,3,rain,1.0021,True,1.9935,outdoor,1.0,19.2099,rain,1.0,2.9613,hvac,1.0,0.0065,genuine,0.0
rasa_Hindi_Male_084_multi_cr_no_no_no.wav,s0=crowd,True,1,crowd,6.6163,True,746.1463,crowd,1.0,1.7495,genuine,0.0,0.4337,genuine,0.0,1.5663,genuine,0.0
rasa_Hindi_Male_084_multi_ou_no_cr_hv.wav,s0=outdoor; s2=crowd; s3=hvac,True,3,hvac,0.7344,True,1.9964,outdoor,1.0,0.0036,genuine,0.0,8.0527,hvac,1.0,2.7879,crowd,1.0
rasa_Hindi_Male_084_multi_ou_no_cr_ra.wav,s0=outdoor; s2=crowd; s3=rain,True,3,rain,0.8498,True,1.9976,outdoor,1.0,0.0024,genuine,0.0,4.4485,crowd,1.0,11.7988,rain,1.0
rasa_Hindi_Male_084_multi_ra_no_no_hu.wav,s0=rain; s3=human,True,2,human,4.4214,True,5998.7896,white_noise,0.8873,1.6027,genuine,0.0,0.3973,genuine,0.0,6922.7338,human,1.0
rasa_Hindi_Male_085_multi_hu_no_no_no.wav,s0=human,True,2,human,3.8313,True,2159.1762,human,0.998,1.9246,crowd,1.0,1.0103,genuine,0.0,0.9897,genuine,0.0
rasa_Hindi_Male_085_multi_no_hv_no_no.wav,s1=hvac,True,1,hvac,7.1175,True,0.4125,genuine,0.0,1232.3826,hvac,1.0,1.6207,genuine,0.0,1.5875,genuine,0.0
rasa_Hindi_Male_085_multi_no_no_ra_hv.wav,s2=rain; s3=hvac,True,2,rain,3.9702,True,0.2357,genuine,0.0,1.7643,genuine,0.0,2807.3807,rain,1.0,721.951,hvac,1.0
rasa_Hindi_Male_085_multi_no_ra_wn_cr.wav,s1=rain; s2=white_noise; s3=crowd,True,3,rain,0.7774,True,0.0008,genuine,0.0,9.3011,rain,1.0,5.8433,white_noise,1.0,1.9992,crowd,1.0
rasa_Hindi_Male_086_multi_cr_hu_no_no.wav,s0=crowd; s1=human,True,2,human,4.5023,True,844.9672,crowd,1.0,8147.1912,human,0.9999,0.8254,genuine,0.0,1.1746,genuine,0.0
rasa_Hindi_Male_086_multi_cr_no_ra_no.wav,s0=crowd; s2=rain,True,2,rain,4.4102,True,556.2662,crowd,1.0,1.0997,genuine,0.0,6769.9756,rain,1.0,0.9003,genuine,0.0
rasa_Hindi_Male_086_multi_hu_hv_cr_no.wav,s0=human; s1=hvac; s2=crowd,True,3,human,0.7159,True,7.5658,human,1.0,2.3364,rain,1.0,1.9986,crowd,1.0,0.0014,genuine,0.0
rasa_Hindi_Male_086_multi_no_wn_no_no.wav,s1=white_noise,True,1,white_noise,9.3922,True,0.7523,genuine,0.0,11993.2852,white_noise,1.0,1.2477,genuine,0.0,1.7757,genuine,0.0
rasa_Hindi_Male_087_multi_no_cr_no_ra.wav,s1=crowd; s3=rain,True,2,outdoor,3.6504,False,0.5669,genuine,0.0,1420.4459,hvac,1.0,1.4331,genuine,0.0,1480.436,outdoor,1.0
rasa_Hindi_Male_087_multi_no_hv_no_no.wav,s1=hvac,True,2,hvac,3.443,True,1.0968,genuine,0.0,977.4434,hvac,1.0,2.7724,crowd,1.0,0.9032,genuine,0.0
rasa_Hindi_Male_087_multi_no_ra_hu_no.wav,s1=rain; s2=human,True,2,outdoor,4.4189,False,1.0968,genuine,0.0,5704.2182,rain,1.0,6888.9884,outdoor,1.0,0.9032,genuine,0.0
rasa_Hindi_Male_087_multi_wn_cr_no_hu.wav,s0=white_noise; s1=crowd; s3=human,True,3,white_noise,0.773,True,9.1654,white_noise,1.0,1.9955,crowd,1.0,0.0045,genuine,0.0,3.0657,outdoor,1.0
rasa_Hindi_Male_088_multi_cr_no_ou_wn.wav,s0=crowd; s2=outdoor; s3=white_noise,True,3,white_noise,0.9394,True,6.3605,crowd,1.0,0.0033,genuine,0.0,1.9967,outdoor,1.0,15.7489,white_noise,1.0
rasa_Hindi_Male_088_multi_hv_no_no_no.wav,s0=hvac,True,1,hvac,6.7387,True,843.4754,hvac,1.0,1.0483,genuine,0.0,0.9517,genuine,0.0,1.6179,genuine,0.0
rasa_Hindi_Male_088_multi_no_cr_no_no.wav,s1=crowd,True,1,crowd,5.6689,True,1.4058,genuine,0.0,288.7284,crowd,1.0,0.7408,genuine,0.0,1.2592,genuine,0.0
rasa_Hindi_Male_088_multi_no_hv_ra_no.wav,s1=hvac; s2=rain,True,2,rain,4.0518,True,1.055,genuine,0.0,327.7777,hvac,1.0,3305.4631,rain,1.0,0.945,genuine,0.0
rasa_Hindi_Male_089_multi_no_hu_no_no.wav,s1=human,True,2,human,4.1666,True,3.2494,hvac,1.0,4158.7552,human,1.0,0.6571,genuine,0.0,1.3429,genuine,0.0
rasa_Hindi_Male_089_multi_no_no_ou_no.wav,s2=outdoor,True,1,outdoor,5.2291,True,1.4151,genuine,0.0,1.6961,genuine,0.0,185.6167,outdoor,1.0,0.5849,genuine,0.0
rasa_Hindi_Male_089_multi_ou_ra_no_cr.wav,s0=outdoor; s1=rain; s3=crowd,True,3,rain,0.9409,True,1.9978,outdoor,1.0,15.7287,rain,1.0,0.0022,genuine,0.0,4.6434,hvac,0.9968
rasa_Hindi_Male_089_multi_ra_no_hv_no.wav,s0=rain; s2=hvac,True,2,rain,3.486,True,1065.3252,rain,1.0,1.4872,genuine,0.0,167.9746,hvac,1.0,0.5128,genuine,0.0
rasa_Hindi_Male_090_multi_hv_no_ou_hu.wav,s0=hvac; s2=outdoor; s3=human,True,3,outdoor,1.0386,True,3.3574,hvac,1.0,0.0063,genuine,0.0,1.9937,outdoor,1.0,6.5326,outdoor,1.0
rasa_Hindi_Male_090_multi_no_hv_ou_no.wav,s1=hvac; s2=outdoor,True,2,outdoor,3.6774,True,0.928,genuine,0.0,1228.5862,hvac,1.0,1562.5679,outdoor,1.0,1.072,genuine,0.0
rasa_Hindi_Male_090_multi_no_no_hu_hv.wav,s2=human; s3=hvac,True,2,human,4.2201,True,0.4943,genuine,0.0,1.5057,genuine,0.0,4628.0311,human,1.0,369.9875,hvac,1.0
rasa_Hindi_Male_090_multi_ra_no_no_wn.wav,s0=rain; s3=white_noise,True,2,rain,3.829,True,2116.5411,rain,1.0,0.6745,genuine,0.0,1.3255,genuine,0.0,721.5654,white_noise,1.0
rasa_Hindi_Male_091_multi_cr_no_wn_no.wav,s0=crowd; s2=white_noise,True,3,white_noise,2.4288,True,300.9091,crowd,1.0,0.0897,genuine,0.0,1240.2082,white_noise,1.0,1.9103,human,0.2784
rasa_Hindi_Male_091_multi_no_cr_no_no.wav,s1=crowd,True,2,hvac,3.7568,False,0.6861,genuine,0.0,1376.7407,hvac,1.0,1.3139,genuine,0.0,4.5132,human,0.2882
rasa_Hindi_Male_091_multi_no_cr_ou_no.wav,s1=crowd; s2=outdoor,True,2,crowd,2.9113,True,0.2639,genuine,0.0,336.8276,crowd,1.0,169.087,outdoor,1.0,1.7361,genuine,0.0
rasa_Hindi_Male_091_multi_no_no_hu_no.wav,s2=human,True,2,human,4.7208,True,1.5282,genuine,0.0,0.4718,genuine,0.0,6454.415,human,1.0,10.0521,human,0.2784
rasa_Hindi_Male_092_multi_no_no_cr_no.wav,s2=crowd,True,2,hvac,4.0556,False,0.9162,genuine,0.0,2.8912,crowd,1.0,3330.7271,hvac,1.0,1.0838,genuine,0.0
rasa_Hindi_Male_092_multi_no_no_no_hv.wav,s3=hvac,True,2,rain,3.222,False,0.4813,genuine,0.0,1.5187,genuine,0.0,2.1782,crowd,1.0,627.8697,rain,1.0
rasa_Hindi_Male_092_multi_no_ou_no_no.wav,s1=outdoor,True,2,outdoor,3.3222,True,0.9162,genuine,0.0,767.5112,outdoor,1.0,4.1467,crowd,1.0,1.0838,genuine,0.0
rasa_Hindi_Male_092_multi_wn_ou_no_hv.wav,s0=white_noise; s1=outdoor; s3=hvac,True,3,white_noise,0.689,True,6.9004,white_noise,1.0,1.996,outdoor,1.0,0.004,genuine,0.0,2.0553,hvac,1.0
rasa_Hindi_Male_093_multi_cr_hu_hv_no.wav,s0=crowd; s1=human; s2=hvac,True,3,hvac,0.8971,True,3.9248,hvac,1.0,6.3183,outdoor,0.9992,1.9949,hvac,1.0,0.0051,genuine,0.0
rasa_Hindi_Male_093_multi_no_no_wn_cr.wav,s2=white_noise; s3=crowd,True,2,white_noise,3.5759,True,1.3508,genuine,0.0,0.6492,genuine,0.0,1275.4906,white_noise,1.0,876.2515,hvac,1.0
rasa_Hindi_Male_093_multi_no_wn_ra_ou.wav,s1=white_noise; s2=rain; s3=outdoor,True,3,rain,0.8209,True,0.0077,genuine,0.0,4.8983,white_noise,1.0,10.7359,rain,1.0,1.9923,outdoor,1.0
rasa_Hindi_Male_093_multi_wn_ra_no_cr.wav,s0=white_noise; s1=rain; s3=crowd,True,3,rain,0.975,True,11.5755,white_noise,1.0,17.6507,rain,0.9997,0.005,genuine,0.0,1.995,crowd,1.0
rasa_Hindi_Male_094_multi_hv_no_no_no.wav,s0=hvac,True,2,hvac,3.5053,True,1107.3557,hvac,1.0,0.7142,genuine,0.0,4.6921,crowd,1.0,1.2858,genuine,0.0
rasa_Hindi_Male_094_multi_ou_hu_no_no.wav,s0=outdoor; s1=human,True,2,human,3.8817,True,449.7658,outdoor,1.0,2352.0327,human,1.0,1.5698,genuine,0.0,0.4302,genuine,0.0
rasa_Hindi_Male_094_multi_ra_no_ou_no.wav,s0=rain; s2=outdoor,True,2,rain,4.3218,True,5672.3619,rain,1.0,0.7142,genuine,0.0,3168.2168,outdoor,1.0,1.2858,genuine,0.0
rasa_Hindi_Male_094_multi_wn_no_hv_ra.wav,s0=white_noise; s2=hvac; s3=rain,True,3,rain,0.676,True,5.2056,white_noise,1.0,0.0008,genuine,0.0,1.9992,hvac,1.0,6.6228,rain,0.9985
rasa_Hindi_Male_095_multi_cr_no_no_no.wav,s0=crowd,True,1,crowd,7.7721,True,2372.4412,crowd,1.0,1.141,genuine,0.0,1.1969,genuine,0.0,0.859,genuine,0.0
rasa_Hindi_Male_095_multi_hu_ou_no_ra.wav,s0=human; s1=outdoor; s3=rain,True,3,rain,0.9402,True,11.9015,human,1.0,1.9966,outdoor,1.0,0.0034,genuine,0.0,15.7884,rain,1.0
rasa_Hindi_Male_095_multi_no_hv_hu_no.wav,s1=hvac; s2=human,True,2,human,4.3445,True,0.5705,genuine,0.0,974.4641,hvac,1.0,5982.6503,human,0.9991,1.4295,genuine,0.0
rasa_Hindi_Male_095_multi_no_ra_cr_no.wav,s1=rain; s2=crowd,True,2,outdoor,4.278,False,0.5705,genuine,0.0,5196.8127,outdoor,1.0,3686.702,hvac,1.0,1.4295,genuine,0.0
rasa_Hindi_Male_096_multi_hv_no_no_no.wav,s0=hvac,True,2,hvac,2.7772,True,257.3676,hvac,1.0,0.5477,genuine,0.0,1.4523,genuine,0.0,1.9549,crowd,1.0
rasa_Hindi_Male_096_multi_hv_no_no_ra.wav,s0=hvac; s3=rain,True,2,rain,3.5156,True,232.8982,hvac,1.0,0.5477,genuine,0.0,1.4523,genuine,0.0,1130.3004,rain,1.0
rasa_Hindi_Male_096_multi_ra_ou_no_no.wav,s0=rain; s1=outdoor,True,2,rain,3.4681,True,1027.8664,rain,1.0,268.0829,outdoor,1.0,0.8525,genuine,0.0,1.1475,genuine,0.0
rasa_Hindi_Male_096_multi_wn_no_no_cr.wav,s0=white_noise; s3=crowd,True,2,white_noise,3.5732,True,1268.6148,white_noise,1.0,0.5477,genuine,0.0,1.4523,genuine,0.0,114.8505,crowd,1.0
rasa_Hindi_Male_097_multi_no_cr_no_hu.wav,s1=crowd; s3=human,True,2,hvac,3.8944,False,1.61,genuine,0.0,2412.3864,hvac,1.0,0.39,genuine,0.0,2259.8714,human,1.0
rasa_Hindi_Male_097_multi_no_hu_ra_ou.wav,s1=human; s2=rain; s3=outdoor,True,3,rain,1.0622,True,0.0088,genuine,0.0,20.3477,human,1.0,23.205,rain,1.0,1.9912,outdoor,1.0
rasa_Hindi_Male_097_multi_no_hv_no_ra.wav,s1=hvac; s3=rain,True,2,rain,3.9971,True,1.61,genuine,0.0,738.1871,hvac,1.0,0.39,genuine,0.0,2962.9515,rain,1.0
rasa_Hindi_Male_097_multi_ou_no_wn_hv.wav,s0=outdoor; s2=white_noise; s3=hvac,True,3,white_noise,0.9576,True,4.3767,outdoor,1.0,0.0107,genuine,0.0,16.6877,white_noise,1.0,1.9893,hvac,0.9998
rasa_Hindi_Male_098_multi_no_no_hv_ou.wav,s2=hvac; s3=outdoor,True,2,hvac,3.2116,True,1.0415,genuine,0.0,0.9585,genuine,0.0,614.9636,hvac,1.0,214.9639,outdoor,1.0
rasa_Hindi_Male_098_multi_no_ra_no_hu.wav,s1=rain; s3=human,True,2,rain,3.7596,True,0.7815,genuine,0.0,1842.0204,rain,1.0,1.2185,genuine,0.0,1328.8452,human,1.0
rasa_Hindi_Male_098_multi_ra_wn_no_no.wav,s0=rain; s1=white_noise,True,2,rain,3.7718,True,1887.6016,rain,1.0,1766.3206,white_noise,1.0,1.4736,genuine,0.0,0.5264,genuine,0.0
rasa_Hindi_Male_098_multi_wn_no_ou_no.wav,s0=white_noise; s2=outdoor,True,2,white_noise,3.7826,True,1928.8522,white_noise,1.0,1.246,genuine,0.0,252.0425,outdoor,1.0,0.754,genuine,0.0
rasa_Hindi_Male_099_multi_hv_ou_ra_no.wav,s0=hvac; s1=outdoor; s2=rain,True,3,rain,0.935,True,3.436,hvac,1.0,1.9902,outdoor,1.0,15.5275,rain,1.0,0.0098,genuine,0.0
rasa_Hindi_Male_099_multi_no_no_hv_ra.wav,s2=hvac; s3=rain,True,2,rain,3.9477,True,0.8873,genuine,0.0,1.1127,genuine,0.0,546.9342,hvac,1.0,2683.7742,rain,1.0
rasa_Hindi_Male_099_multi_no_ra_no_no.wav,s1=rain,True,2,rain,3.8995,True,1.1669,genuine,0.0,2437.3736,rain,1.0,0.8331,genuine,0.0,2.6209,crowd,1.0
rasa_Hindi_Male_099_multi_ra_no_no_no.wav,s0=rain,True,2,rain,4.2432,True,4847.0429,rain,1.0,1.2744,genuine,0.0,0.7256,genuine,0.0,2.2827,crowd,1.0
rasa_Hindi_Male_100_multi_no_no_hv_ra.wav,s2=hvac; s3=rain,True,2,rain,3.656,True,1.5543,genuine,0.0,0.4457,genuine,0.0,332.6517,hvac,1.0,1497.1889,rain,1.0
rasa_Hindi_Male_100_multi_no_no_no_hu.wav,s3=human,True,2,human,4.2573,True,5.2071,outdoor,0.9984,1.4933,genuine,0.0,0.5067,genuine,0.0,4971.3104,human,1.0
rasa_Hindi_Male_100_multi_no_no_no_hv.wav,s3=hvac,True,2,hvac,3.4244,True,5.2071,outdoor,0.9984,1.4933,genuine,0.0,0.5067,genuine,0.0,941.6822,hvac,1.0
rasa_Hindi_Male_100_multi_no_no_wn_no.wav,s2=white_noise,True,2,white_noise,4.3678,True,5.6751,rain,1.0,1.6275,genuine,0.0,6219.5315,white_noise,1.0,0.3725,genuine,0.0
